base_sigma,Gini_mean,Gini_std,k,P_k_mean,P_k_std,P_k_sem,n_sims
0.05,0.735762962962963,0.009364889864296375,0,0.00442478202582532,0.001973675447679502,0.0008826544933067389,5
0.05,0.735762962962963,0.009364889864296375,1,0.013461012866641498,0.0011301495062971067,0.0005054182241636316,5
0.05,0.735762962962963,0.009364889864296375,2,0.01627733677646302,0.00457376643669,0.0020454505331291657,5
0.05,0.735762962962963,0.009364889864296375,3,0.02068416008101982,0.004510173790573171,0.002017011037211902,5
0.05,0.735762962962963,0.009364889864296375,4,0.018675488824304733,0.005841083986051309,0.0026122121710192314,5
0.05,0.735762962962963,0.009364889864296375,5,0.014868240524888998,0.0037841965739694138,0.0016923441559234837,5
0.05,0.735762962962963,0.009364889864296375,6,0.010451566773103022,0.0032329848279139717,0.00144583476908822,5
0.05,0.735762962962963,0.009364889864296375,7,0.0044168917311484136,0.0029819657934661813,0.0013335756441538958,5
0.05,0.735762962962963,0.009364889864296375,8,0.004009851733792827,0.0032394958068928162,0.0014487465674075737,5
0.05,0.735762962962963,0.009364889864296375,9,0.005025765164708853,0.002751119625781244,0.0012303380994961287,5
0.05,0.735762962962963,0.009364889864296375,10,0.0036088418285262678,0.0028825036067703434,0.001289094802025362,5
0.05,0.735762962962963,0.009364889864296375,11,0.0022094667347067063,0.0014889698854393366,0.0006658875760584862,5
0.05,0.735762962962963,0.009364889864296375,12,0.0020084568294401473,0.0012296928215506675,0.0005499353480861621,5
0.05,0.735762962962963,0.009364889864296375,13,0.003819733786056175,0.0020643441365314377,0.0009232027636474802,5
0.05,0.735762962962963,0.009364889864296375,14,0.0042247771871741745,0.002793137789988947,0.001249129193787763,5
0.05,0.735762962962963,0.009364889864296375,15,0.0030126876634857932,0.0012272670697071712,0.0005488505188824415,5
0.05,0.735762962962963,0.009364889864296375,16,0.004211054138602446,0.004152105060837582,0.0018568778331507466,5
0.05,0.735762962962963,0.009364889864296375,17,0.004015504238574179,0.0037503399255305364,0.0016772030024435555,5
0.05,0.735762962962963,0.009364889864296375,18,0.0032141093342214987,0.0026036882388619825,0.0011644047788624207,5
0.05,0.735762962962963,0.009364889864296375,19,0.0068219351322664126,0.0035536623867356903,0.0015892461331650299,5
0.05,0.735762962962963,0.009364889864296375,20,0.007230792763309767,0.003571298447346911,0.0015971332192414292,5
0.05,0.735762962962963,0.009364889864296375,21,0.007232618787736174,0.0013059065672640434,0.0005840191713331605,5
0.05,0.735762962962963,0.009364889864296375,22,0.010842476646743796,0.0038206948126261664,0.001708666664462586,5
0.05,0.735762962962963,0.009364889864296375,23,0.00984472540050529,0.0037234696191097297,0.001665186236096921,5
0.05,0.735762962962963,0.009364889864296375,24,0.015670058158576767,0.005031893108518563,0.002250331009232047,5
0.05,0.735762962962963,0.009364889864296375,25,0.016669240752853268,0.005017215426714971,0.0022437669503790583,5
0.05,0.735762962962963,0.009364889864296375,26,0.018893241816640406,0.003005895484538611,0.0013442773273376,5
0.05,0.735762962962963,0.009364889864296375,27,0.02029502655873035,0.005519700312873156,0.002468485023002246,5
0.05,0.735762962962963,0.009364889864296375,28,0.02390206300399844,0.005425115958981432,0.002426185614020288,5
0.05,0.735762962962963,0.009364889864296375,29,0.026726477119818376,0.006698643283353825,0.002995724347720308,5
0.05,0.735762962962963,0.009364889864296375,30,0.033137648297465946,0.012979328871190673,0.005804532331661592,5
0.05,0.735762962962963,0.009364889864296375,31,0.034352622444962205,0.008695382568642832,0.003888693302770419,5
0.05,0.735762962962963,0.009364889864296375,32,0.03354598680129732,0.0067041629421241,0.0029981928141648937,5
0.05,0.735762962962963,0.009364889864296375,33,0.0347570677062828,0.010254233860788017,0.004585832793980424,5
0.05,0.735762962962963,0.009364889864296375,34,0.029925003202880267,0.008760693362974085,0.0039179011779282595,5
0.05,0.735762962962963,0.009364889864296375,35,0.033350628114248465,0.006153342892922677,0.002751858599488062,5
0.05,0.735762962962963,0.009364889864296375,36,0.033554688376482934,0.0068129674094089855,0.0030468516511858255,5
0.05,0.735762962962963,0.009364889864296375,37,0.030341995874345995,0.0077510884277044965,0.0034663921247918453,5
0.05,0.735762962962963,0.009364889864296375,38,0.02932702527893723,0.00524665242708669,0.0023463742962560197,5
0.05,0.735762962962963,0.009364889864296375,39,0.02752727743646114,0.0029007753237294404,0.0012972661622625975,5
0.05,0.735762962962963,0.009364889864296375,40,0.02774081055861711,0.01129519845150293,0.005051366311382183,5
0.05,0.735762962962963,0.009364889864296375,41,0.019886181178116587,0.0049590009836299204,0.002217732659976964,5
0.05,0.735762962962963,0.009364889864296375,42,0.022110576918292137,0.0034069102277518477,0.0015236165724984842,5
0.05,0.735762962962963,0.009364889864296375,43,0.019099086820964818,0.00680211545402781,0.003041998509201606,5
0.05,0.735762962962963,0.009364889864296375,44,0.01749368034849258,0.006026634661673763,0.0026951929558117955,5
0.05,0.735762962962963,0.009364889864296375,45,0.018496697813862664,0.005404439164331884,0.00241693867034165,5
0.05,0.735762962962963,0.009364889864296375,46,0.0163024244925783,0.01402629727836345,0.006272750837408193,5
0.05,0.735762962962963,0.009364889864296375,47,0.015484393862899343,0.0075737748893277175,0.0033870950997635443,5
0.05,0.735762962962963,0.009364889864296375,48,0.012668095432897198,0.004451688213601607,0.0019908554920495597,5
0.05,0.735762962962963,0.009364889864296375,49,0.013675349857527724,0.00570647606238385,0.002552013677493124,5
0.05,0.735762962962963,0.009364889864296375,50,0.012472359158540664,0.00755713779607654,0.0033796547654720167,5
0.05,0.735762962962963,0.009364889864296375,51,0.010856411549463166,0.005575943527226735,0.002493637753115786,5
0.05,0.735762962962963,0.009364889864296375,52,0.007645338056256138,0.0042651141953593185,0.0019074170545245507,5
0.05,0.735762962962963,0.009364889864296375,53,0.009854996003942256,0.004367637204016457,0.001953266737847583,5
0.05,0.735762962962963,0.009364889864296375,54,0.01266526918050652,0.0041416701727075315,0.001852211209311467,5
0.05,0.735762962962963,0.009364889864296375,55,0.00924591426832167,0.004350418907147217,0.0019455664813963045,5
0.05,0.735762962962963,0.009364889864296375,56,0.005626383945674496,0.0031409679844077673,0.0014046835856572533,5
0.05,0.735762962962963,0.009364889864296375,57,0.006833638370305023,0.0037850392776456396,0.0016927210244644698,5
0.05,0.735762962962963,0.009364889864296375,58,0.010241875933819086,0.005411836109902931,0.0024202466849661953,5
0.05,0.735762962962963,0.009364889864296375,59,0.005227788527329466,0.0037231469371602046,0.0016650419283420709,5
0.05,0.735762962962963,0.009364889864296375,60,0.007435641091757407,0.005050731979962563,0.002258756008665679,5
0.05,0.735762962962963,0.009364889864296375,61,0.006223546729417879,0.005369292632840352,0.0024012206636239686,5
0.05,0.735762962962963,0.009364889864296375,62,0.006830603815854203,0.004453852736243847,0.0019918234960029364,5
0.05,0.735762962962963,0.009364889864296375,63,0.007229786410130704,0.004885296053285603,0.0021847708130716082,5
0.05,0.735762962962963,0.009364889864296375,64,0.008841666345195289,0.00817939064293237,0.0036579346984244978,5
0.05,0.735762962962963,0.009364889864296375,65,0.005421752310025643,0.004888104621555099,0.002186026842985617,5
0.05,0.735762962962963,0.009364889864296375,66,0.007028375703260939,0.006347759981978597,0.0028388045649113966,5
0.05,0.735762962962963,0.009364889864296375,67,0.006030801154048407,0.004770636661198404,0.002133493574078453,5
0.05,0.735762962962963,0.009364889864296375,68,0.005627777563463526,0.004801880552115696,0.002147466266872983,5
0.05,0.735762962962963,0.009364889864296375,69,0.004013093303740145,0.0037402696054438813,0.0016726994183897672,5
0.05,0.735762962962963,0.009364889864296375,70,0.0038187177555748216,0.004349694605198136,0.0019452425637174282,5
0.05,0.735762962962963,0.009364889864296375,71,0.004619924999035586,0.004526550182749281,0.002024334782438297,5
0.05,0.735762962962963,0.009364889864296375,72,0.0040169014084507045,0.00564316009350083,0.0025236979153963847,5
0.05,0.735762962962963,0.009364889864296375,73,0.004012072434607645,0.004699462125955012,0.002101663354264217,5
0.05,0.735762962962963,0.009364889864296375,74,0.003012681538270998,0.003956570933480603,0.0017694323130124853,5
0.05,0.735762962962963,0.009364889864296375,75,0.001605438077506411,0.0018193452586279847,0.000813635934566822,5
0.05,0.735762962962963,0.009364889864296375,76,0.0020072434607645876,0.0028412491876400273,0.0012706452649158312,5
0.05,0.735762962962963,0.009364889864296375,77,0.0020060362173038226,0.0027468989441505427,0.0012284505532886023,5
0.05,0.735762962962963,0.009364889864296375,78,0.0022042308340456465,0.003345650668497952,0.0014962204647458069,5
0.05,0.735762962962963,0.009364889864296375,79,0.0010036217303822938,0.0014206245938200137,0.0006353226324579156,5
0.05,0.735762962962963,0.009364889864296375,80,0.0018024144869215292,0.003033353983991357,0.0013565571416048966,5
0.05,0.735762962962963,0.009364889864296375,81,0.0010036217303822938,0.0010030280983298993,0.0004485678022415996,5
0.05,0.735762962962963,0.009364889864296375,82,0.0012036217303822937,0.0016481393664903256,0.0007370703319731614,5
0.05,0.735762962962963,0.009364889864296375,83,0.0004012072434607646,0.0005493797888301087,0.0002456901106577205,5
0.05,0.735762962962963,0.009364889864296375,84,0.0006012072434607647,0.0008951058767791844,0.0004003035175075614,5
0.05,0.735762962962963,0.009364889864296375,85,0.0008024144869215292,0.0010987595776602173,0.000491380221315441,5
0.05,0.735762962962963,0.009364889864296375,86,0.0,0.0,0.0,5
0.05,0.735762962962963,0.009364889864296375,87,0.0002,0.00044721359549995795,0.0002,5
0.05,0.735762962962963,0.009364889864296375,88,0.0,0.0,0.0,5
0.05,0.735762962962963,0.009364889864296375,89,0.0002,0.00044721359549995795,0.0002,5
0.05,0.735762962962963,0.009364889864296375,90,0.0,0.0,0.0,5
0.05,0.735762962962963,0.009364889864296375,91,0.0002,0.00044721359549995795,0.0002,5
0.05,0.735762962962963,0.009364889864296375,92,0.0002,0.00044721359549995795,0.0002,5
0.05,0.735762962962963,0.009364889864296375,93,0.0002,0.00044721359549995795,0.0002,5
