base_sigma,Gini_mean,Gini_std,mean_degree_in_mean,mean_degree_in_std,clustering_mean,clustering_std,modularity_Q_mean,modularity_Q_std,avg_shortest_path_mean,avg_shortest_path_std
0.05,0.735762962962963,0.009364889864296434,35.73590425372894,3.6053755528799707,0.5991878377054076,0.007668239809454121,0.8084183296000729,0.030530109866841928,7.381922834903466,1.094843944927576
0.0591836734693877,0.7059098765432099,0.006375749296243803,34.82751558341737,2.734005109038343,0.5766181618174523,0.010548620449364587,0.7910919072052247,0.03418548509527484,7.460989228556128,0.8072526661056135
0.0683673469387755,0.6651703703703704,0.013124454539728568,31.12920884594272,1.2695183282259968,0.5715680501338989,0.005444202571183702,0.8160068993225833,0.019751146500285477,6.819444596619358,0.7658325091687695
0.0775510204081632,0.6544024691358025,0.015578921555414205,32.60044412328203,3.1534838990511496,0.5427405155239899,0.016975289517666036,0.7673949294845641,0.055844309170211694,6.801582048950682,0.5610030213418697
0.086734693877551,0.6311567901234568,0.023077991463432916,30.249342478050085,3.6916818463885037,0.5197850948931553,0.0074179868280740266,0.7309865439370511,0.06101347030773416,6.3027631375398485,0.8514614594253253
0.0959183673469387,0.5996666666666666,0.02399443975180919,27.710696195634124,2.62764670426359,0.5134425199519792,0.009814783129619037,0.7505948562849775,0.0494520739471546,6.148469710652919,0.4715135573587959
0.1051020408163265,0.5740271604938272,0.022253313983186057,26.509689483070247,2.0272477279628935,0.5120521185225008,0.005211745771415288,0.7270118449297236,0.03053156556993407,7.17911168489551,0.43081833424157395
0.1142857142857143,0.5390222222222223,0.035403633283281284,24.120427467989554,2.6302947104654253,0.49686886866580143,0.008101329242368822,0.7327655801430638,0.04210015635881904,6.363833581437983,0.361643368826995
0.123469387755102,0.5404617283950618,0.030939434655899937,25.07237106886256,2.9321200194591652,0.48751981088008006,0.006027168152797236,0.6925547140905997,0.047405740412515204,6.123908758185781,0.7363022407505091
0.1326530612244898,0.5161370370370371,0.034839884973573036,22.63860521042084,1.9227391112981758,0.4923908232408115,0.007937703000574845,0.7249666989283071,0.028110365161138736,6.820696876731728,0.4845666496565955
0.1418367346938775,0.48161234567901234,0.017572301163353177,21.70818254398977,0.9569554573572328,0.4773961720476915,0.005563336820215685,0.7034361647467382,0.019496246808935806,6.02605554433333,0.33294394145729683
0.1510204081632653,0.4856456790123457,0.02479192659506471,21.15881526295835,2.3925468170746256,0.4800521440798294,0.005715379835245214,0.7209696854676808,0.04473098737015481,6.43568960874652,0.5944916676992212
0.1602040816326531,0.4410950617283951,0.03936996547531127,19.622663863863863,2.6718752194031503,0.4748934972050233,0.007329990595692237,0.7171619328932392,0.04497396975753825,6.4165742937326105,0.3932762878735496
0.1693877551020408,0.4489135802469136,0.03159863941861669,19.773124124124124,1.4013782179935654,0.4742175495262918,0.007216413712280706,0.7110264898728412,0.030174010949051405,6.150616329355407,0.6005055716897643
0.1785714285714286,0.4474493827160494,0.021849910721483738,19.536817549814344,1.4329398412469343,0.46771071567088757,0.00555998630611412,0.708302536747411,0.0415515815711814,6.040251837052016,0.6586446475454438
0.1877551020408163,0.46071851851851847,0.05425230341374733,20.511707826479988,3.3415147599569837,0.47137038870665127,0.004315729931559133,0.6978331715040222,0.06091088570483278,6.278103731933931,0.6142739309867512
0.1969387755102041,0.42382469135802464,0.033469195174157605,18.895400000000002,1.1902381274350093,0.4688235694954691,0.003201767003249466,0.7102902832422868,0.02749303154850357,6.3084880880880885,0.37135742453325893
0.2061224489795918,0.40633333333333327,0.010970895979995014,17.978084475677356,0.8943259724037697,0.46678524848428155,0.005115735066618128,0.7199690947748141,0.009018559868913966,6.09855783217538,0.284326495355018
0.2153061224489796,0.3947839506172839,0.014799440324814875,17.8632,0.5818081298847582,0.46791365057153395,0.006070832455716241,0.7167964502553614,0.013222255593549453,6.183056256256256,0.3685008335907119
0.2244897959183673,0.41460740740740737,0.04298002060449635,18.707757157157157,2.903980016347487,0.46476898043539905,0.003910123373100017,0.7016829925209154,0.05742976798938337,6.186344388476654,0.2176048391252774
0.2336734693877551,0.3852320987654321,0.008218162299848331,17.618555555555552,0.6939776564517918,0.4618844873856022,0.008160618564092784,0.7134878600484855,0.014740360445962877,5.9483676028734145,0.33171006542577913
0.2428571428571428,0.3750185185185185,0.02946748813580809,16.764614434474556,1.2875045888493901,0.4630771881958228,0.0035400409288404164,0.723771505561517,0.019669605690881404,6.151553286910225,0.18860258598592136
0.2520408163265306,0.4050876543209877,0.023689327961325935,18.27160305985744,0.8998845089939316,0.4618448804920705,0.005505941219335864,0.7118794673301247,0.02131173102729752,5.901529110478692,0.2335712293686227
0.2612244897959184,0.37627037037037037,0.024802174702822494,16.365000000000002,0.7503988939224263,0.467638316191612,0.0026176652477878063,0.735671899253922,0.014321091808602202,6.398005205205205,0.12675550923128295
0.2704081632653061,0.37845432098765425,0.038933683196466326,17.05132530927721,1.3737480086014775,0.4644041069925682,0.004715923105625157,0.7156840652464134,0.028305970752180307,6.074169096330941,0.3457329425861895
0.2795918367346939,0.3741753086419753,0.00936932178293358,16.755599999999998,0.4828491482854664,0.4640137740246198,0.004738082562064851,0.7209700303797952,0.013856475610466164,6.097413813813814,0.2594389382795664
0.2887755102040816,0.3702543209876542,0.03599283982080466,16.4604,1.505296083832015,0.46630796073016356,0.0038022392459576317,0.7303422598604048,0.024551725838541785,6.339264464464465,0.28862699596062
0.2979591836734694,0.351695061728395,0.010980002884517044,15.886493975903614,0.43797548021069077,0.46423432032872036,0.0016563019443986912,0.7347003794820172,0.012780563926809893,6.268327042353851,0.10265684246325199
0.3071428571428571,0.35945679012345677,0.024793719920123226,16.5502,0.8797037569545769,0.46429722690291914,0.0035779054167965835,0.7313318217091458,0.020933265577209904,6.094478078078079,0.17344804114353748
0.3163265306122449,0.34417777777777775,0.018737187564725213,16.308600000000002,0.6828219387219471,0.46095229127299275,0.0050902302377228694,0.7210982960598876,0.022024023115555857,6.116681481481482,0.24558434679822996
0.3255102040816326,0.370874074074074,0.012949085458253486,16.7838,0.26471437437358775,0.46519815444318374,0.005437051686375752,0.71975947985544,0.01124873781282306,6.060227427427427,0.19292315178029637
0.3346938775510204,0.35609629629629624,0.029741946841463477,16.0262,0.9336866176614088,0.4630016603336581,0.005108979420997699,0.7266525399857443,0.01202409497971689,6.161569569569569,0.09798645951942614
0.3438775510204082,0.3545567901234568,0.027654784773447794,16.36578356713427,0.9032761883789928,0.4611345429705893,0.0033133312290022313,0.7203268939209226,0.013579758893589292,6.013136673254944,0.15348126320694594
0.3530612244897959,0.3519777777777777,0.015524161564727391,16.0166,0.4895352898412944,0.4612918513467831,0.0035779504435790783,0.724969623373595,0.010015305422858002,6.098578578578579,0.11521173035711675
0.3622448979591837,0.3655851851851851,0.01611843313112813,16.7882,0.7676006122978272,0.46152382178310114,0.006536623491686677,0.7147219879388412,0.02320173610383711,6.110492492492492,0.3540428132654805
0.3714285714285714,0.3706975308641975,0.02714981727586929,16.630730661322644,0.6954908626799683,0.4624927374313799,0.0026571552036634637,0.7272962428751365,0.01330330930185321,6.077015052713593,0.06055449245374616
0.3806122448979592,0.3515629629629629,0.022682270073890808,15.988,0.8578621684163483,0.45859827224837113,0.005262506476476136,0.7205305307162295,0.012190018567971318,6.035015415415415,0.1556174418322594
0.3897959183673469,0.3605777777777777,0.02156487360999291,16.5295023023023,0.28652076089334083,0.4594977968897367,0.0058272249340925505,0.7143069656359474,0.0036011062826269073,6.005080052397086,0.08308989817411072
0.3989795918367347,0.3594234567901234,0.02008478760242684,16.1002,0.5737531699258827,0.4636254859495306,0.002645369273649209,0.7350221632010168,0.018866738661071317,6.143626426426427,0.18106849612225728
0.4081632653061224,0.3641086419753086,0.03187794342393327,16.3738,1.0507188967559304,0.46088448901764156,0.003489866187494752,0.7249720864825756,0.017616775542998796,6.042966166166166,0.1960307622303743
0.4173469387755102,0.3596851851851851,0.02143464811031103,16.4148,0.7376870610224912,0.46493144038309564,0.006301083914892773,0.7259945103363099,0.018510925290347424,6.0382462462462465,0.1433530566874121
0.4265306122448979,0.36703580246913575,0.02840332957999809,16.454,0.774835143756398,0.459904768707369,0.005301379865111913,0.7153146409155092,0.013169234541622082,6.011497897897899,0.11352338533216617
0.4357142857142857,0.3562888888888888,0.02663784822551664,15.988,0.8265679040466072,0.46143524696165483,0.0027527819379891388,0.7259115730690311,0.016908665684200297,6.103616416416417,0.10533038220542885
0.4448979591836735,0.3499802469135802,0.01689825350888853,16.1058,0.8432233986317024,0.46597555394654344,0.005482606732888073,0.7293987359780248,0.018234266372913217,6.126002002002002,0.17252637403053045
0.4540816326530612,0.33403209876543205,0.01152791569487975,15.667000000000002,0.2527498763600096,0.4607166386353656,0.00403256435993106,0.7254117284650985,0.013127765648931023,6.110778778778778,0.08160018708602587
0.463265306122449,0.32412098765432096,0.015218277702261035,15.39,0.5234094955195214,0.46203124541965784,0.0034868191930213705,0.7364106219518762,0.00782963115401065,6.150627827827828,0.13780682632308594
0.4724489795918367,0.33785802469135795,0.024768343716932498,15.505,0.723718522631555,0.459420132958744,0.004422287284163224,0.7345080250919434,0.01999994933571229,6.149275275275275,0.1610679562550469
0.4816326530612245,0.36086543209876537,0.013916296277677397,16.297800000000002,0.4281748474630433,0.4618241712943739,0.004047821058251658,0.717635762375097,0.01137505070235427,6.014056456456457,0.10240259049256836
0.4908163265306123,0.34833333333333333,0.026954309282638506,16.2422,0.9411762321690869,0.45933294195578833,0.004557160116913186,0.7157780664480917,0.015740739709238175,6.0429349349349355,0.18415241377970148
0.5,0.3440753086419753,0.021442015061720058,15.8278,0.19069661769417975,0.4583411515198838,0.0021606102137534744,0.7230485890591482,0.01351167427465855,6.055948348348349,0.04035357109090697
