Gini,MAX_EXC_WEIGHT,mean_peak_height,std_peak_height
0.32153086419753074,2.0,0.0,0.0
0.32153086419753074,2.0,0.0,0.0
0.32153086419753074,2.0,0.0,0.0
0.32153086419753074,2.0,0.0,0.0
0.32153086419753074,2.0,0.0,0.0
0.32153086419753074,2.484848484848485,0.0,0.0
0.32153086419753074,2.484848484848485,0.0,0.0
0.32153086419753074,2.484848484848485,0.0,0.0
0.32153086419753074,2.484848484848485,0.0,0.0
0.32153086419753074,2.484848484848485,0.0,0.0
0.32153086419753074,2.9696969696969697,0.0,0.0
0.32153086419753074,2.9696969696969697,0.0,0.0
0.32153086419753074,2.9696969696969697,0.0,0.0
0.32153086419753074,2.9696969696969697,0.0,0.0
0.32153086419753074,2.9696969696969697,0.0,0.0
0.32153086419753074,3.4545454545454546,0.0,0.0
0.32153086419753074,3.4545454545454546,0.0,0.0
0.32153086419753074,3.4545454545454546,0.0,0.0
0.32153086419753074,3.4545454545454546,0.0,0.0
0.32153086419753074,3.4545454545454546,0.0,0.0
0.32153086419753074,3.9393939393939394,0.0,0.0
0.32153086419753074,3.9393939393939394,0.0,0.0
0.32153086419753074,3.9393939393939394,0.0,0.0
0.32153086419753074,3.9393939393939394,0.0,0.0
0.32153086419753074,3.9393939393939394,0.0,0.0
0.32153086419753074,4.424242424242424,0.0,0.0
0.32153086419753074,4.424242424242424,0.0,0.0
0.32153086419753074,4.424242424242424,0.0,0.0
0.32153086419753074,4.424242424242424,0.0,0.0
0.32153086419753074,4.424242424242424,0.0,0.0
0.32153086419753074,4.909090909090909,0.0,0.0
0.32153086419753074,4.909090909090909,0.0,0.0
0.32153086419753074,4.909090909090909,0.0,0.0
0.32153086419753074,4.909090909090909,0.0,0.0
0.32153086419753074,4.909090909090909,0.0,0.0
0.32153086419753074,5.3939393939393945,0.0,0.0
0.32153086419753074,5.3939393939393945,0.0,0.0
0.32153086419753074,5.3939393939393945,0.0,0.0
0.32153086419753074,5.3939393939393945,0.0,0.0
0.32153086419753074,5.3939393939393945,0.0,0.0
0.32153086419753074,5.878787878787879,0.0,0.0
0.32153086419753074,5.878787878787879,0.0,0.0
0.32153086419753074,5.878787878787879,0.0,0.0
0.32153086419753074,5.878787878787879,0.0,0.0
0.32153086419753074,5.878787878787879,0.0,0.0
0.32153086419753074,6.363636363636363,0.0,0.0
0.32153086419753074,6.363636363636363,0.0,0.0
0.32153086419753074,6.363636363636363,0.0,0.0
0.32153086419753074,6.363636363636363,0.0,0.0
0.32153086419753074,6.363636363636363,0.0,0.0
0.32153086419753074,6.848484848484849,0.0,0.0
0.32153086419753074,6.848484848484849,0.0,0.0
0.32153086419753074,6.848484848484849,0.0,0.0
0.32153086419753074,6.848484848484849,0.0,0.0
0.32153086419753074,6.848484848484849,0.0,0.0
0.32153086419753074,7.333333333333334,0.0,0.0
0.32153086419753074,7.333333333333334,0.0,0.0
0.32153086419753074,7.333333333333334,0.0,0.0
0.32153086419753074,7.333333333333334,0.0,0.0
0.32153086419753074,7.333333333333334,0.0,0.0
0.32153086419753074,7.818181818181818,0.0,0.0
0.32153086419753074,7.818181818181818,0.0,0.0
0.32153086419753074,7.818181818181818,0.0,0.0
0.32153086419753074,7.818181818181818,0.0,0.0
0.32153086419753074,7.818181818181818,0.0,0.0
0.32153086419753074,8.303030303030303,0.0,0.0
0.32153086419753074,8.303030303030303,0.0,0.0
0.32153086419753074,8.303030303030303,0.0,0.0
0.32153086419753074,8.303030303030303,0.0,0.0
0.32153086419753074,8.303030303030303,0.0,0.0
0.32153086419753074,8.787878787878789,0.0,0.0
0.32153086419753074,8.787878787878789,0.0,0.0
0.32153086419753074,8.787878787878789,0.0,0.0
0.32153086419753074,8.787878787878789,0.0,0.0
0.32153086419753074,8.787878787878789,0.0,0.0
0.32153086419753074,9.272727272727273,0.0,0.0
0.32153086419753074,9.272727272727273,0.0,0.0
0.32153086419753074,9.272727272727273,0.0,0.0
0.32153086419753074,9.272727272727273,0.0,0.0
0.32153086419753074,9.272727272727273,0.0,0.0
0.32153086419753074,9.757575757575758,0.0,0.0
0.32153086419753074,9.757575757575758,0.0,0.0
0.32153086419753074,9.757575757575758,0.0,0.0
0.32153086419753074,9.757575757575758,0.0,0.0
0.32153086419753074,9.757575757575758,0.0,0.0
0.32153086419753074,10.242424242424242,0.0,0.0
0.32153086419753074,10.242424242424242,0.0,0.0
0.32153086419753074,10.242424242424242,0.0,0.0
0.32153086419753074,10.242424242424242,0.052,0.0
0.32153086419753074,10.242424242424242,0.0,0.0
0.32153086419753074,10.727272727272727,0.0,0.0
0.32153086419753074,10.727272727272727,0.0,0.0
0.32153086419753074,10.727272727272727,0.059,0.0
0.32153086419753074,10.727272727272727,0.053,0.0
0.32153086419753074,10.727272727272727,0.0625,0.0045000000000000005
0.32153086419753074,11.212121212121213,0.06513333333333332,0.009952330826941441
0.32153086419753074,11.212121212121213,0.05788888888888889,0.007578396846657748
0.32153086419753074,11.212121212121213,0.064625,0.011618277626223264
0.32153086419753074,11.212121212121213,0.06471428571428571,0.013614218257965095
0.32153086419753074,11.212121212121213,0.0595,0.006726812023536854
0.32153086419753074,11.696969696969697,0.08528947368421051,0.019147499348529537
0.32153086419753074,11.696969696969697,0.09245454545454546,0.025738888051481976
0.32153086419753074,11.696969696969697,0.08436363636363636,0.019604913085241916
0.32153086419753074,11.696969696969697,0.08735294117647058,0.023569524631385355
0.32153086419753074,11.696969696969697,0.08106250000000001,0.019264503464922214
0.32153086419753074,12.181818181818182,0.10102272727272728,0.030342356111221245
0.32153086419753074,12.181818181818182,0.1268611111111111,0.025359802814009264
0.32153086419753074,12.181818181818182,0.12497297297297298,0.03107922438637633
0.32153086419753074,12.181818181818182,0.094425,0.026211531336417564
0.32153086419753074,12.181818181818182,0.14465714285714287,0.0378983172315024
0.32153086419753074,12.666666666666668,0.14195121951219514,0.04367281412543439
0.32153086419753074,12.666666666666668,0.15612195121951222,0.043227247009237364
0.32153086419753074,12.666666666666668,0.13395121951219513,0.03533253266278047
0.32153086419753074,12.666666666666668,0.16707894736842102,0.049380041556838776
0.32153086419753074,12.666666666666668,0.17237837837837836,0.041200466640857324
0.32153086419753074,13.151515151515152,0.1799047619047619,0.05437471818156176
0.32153086419753074,13.151515151515152,0.22086486486486487,0.03398263639468088
0.32153086419753074,13.151515151515152,0.22810810810810808,0.047572297062177867
0.32153086419753074,13.151515151515152,0.1974358974358974,0.0403547060591164
0.32153086419753074,13.151515151515152,0.185725,0.04304125201478228
0.32153086419753074,13.636363636363637,0.22376315789473689,0.041705379061450575
0.32153086419753074,13.636363636363637,0.24126315789473682,0.04042581523477445
0.32153086419753074,13.636363636363637,0.22397499999999998,0.04755548732796248
0.32153086419753074,13.636363636363637,0.23020000000000002,0.04142656152759966
0.32153086419753074,13.636363636363637,0.27084615384615385,0.04563092656922578
0.32153086419753074,14.121212121212121,0.27525,0.05244509033265173
0.32153086419753074,14.121212121212121,0.26130769230769235,0.047224045291026424
0.32153086419753074,14.121212121212121,0.266,0.052271971211720863
0.32153086419753074,14.121212121212121,0.26174358974358974,0.05942015454878016
0.32153086419753074,14.121212121212121,0.2973076923076924,0.040100613107502896
0.32153086419753074,14.606060606060606,0.306275,0.06659353853790922
0.32153086419753074,14.606060606060606,0.2945641025641026,0.0591641761289306
0.32153086419753074,14.606060606060606,0.30523076923076925,0.04982042704243246
0.32153086419753074,14.606060606060606,0.31051282051282053,0.056726004435569015
0.32153086419753074,14.606060606060606,0.313625,0.06388023461916839
0.32153086419753074,15.090909090909092,0.3246829268292683,0.05209346151770954
0.32153086419753074,15.090909090909092,0.32284999999999997,0.06387157035802392
0.32153086419753074,15.090909090909092,0.331,0.061905573254756305
0.32153086419753074,15.090909090909092,0.3035609756097561,0.050702888155812864
0.32153086419753074,15.090909090909092,0.29548780487804877,0.06044111100947341
0.32153086419753074,15.575757575757576,0.32976190476190476,0.05943936867727344
0.32153086419753074,15.575757575757576,0.33807317073170734,0.06153459873246898
0.32153086419753074,15.575757575757576,0.36265000000000003,0.05634871338371445
0.32153086419753074,15.575757575757576,0.33160975609756105,0.06629493526208413
0.32153086419753074,15.575757575757576,0.31248780487804884,0.0630551914464794
0.32153086419753074,16.060606060606062,0.34319047619047616,0.05425435602227982
0.32153086419753074,16.060606060606062,0.3683658536585366,0.060530079640988735
0.32153086419753074,16.060606060606062,0.359547619047619,0.06632682513452837
0.32153086419753074,16.060606060606062,0.35642857142857143,0.07320198502940271
0.32153086419753074,16.060606060606062,0.35840476190476195,0.0735744066279681
0.32153086419753074,16.545454545454547,0.38,0.07143295224661142
0.32153086419753074,16.545454545454547,0.3803809523809524,0.07376796064783538
0.32153086419753074,16.545454545454547,0.38654761904761903,0.06921471161433006
0.32153086419753074,16.545454545454547,0.3759512195121951,0.056035681672163225
0.32153086419753074,16.545454545454547,0.3974761904761904,0.06667234669680494
0.32153086419753074,17.03030303030303,0.3961162790697675,0.07416675407088065
0.32153086419753074,17.03030303030303,0.39952380952380945,0.06501327267245334
0.32153086419753074,17.03030303030303,0.3924651162790697,0.07544421898644622
0.32153086419753074,17.03030303030303,0.3712093023255814,0.06514726007179494
0.32153086419753074,17.03030303030303,0.40854761904761905,0.062030024366450914
0.32153086419753074,17.515151515151516,0.4302558139534882,0.07503707394480374
0.32153086419753074,17.515151515151516,0.4156511627906977,0.06393851833249575
0.32153086419753074,17.515151515151516,0.40590697674418613,0.060366637156276964
0.32153086419753074,17.515151515151516,0.42374418604651165,0.07545338712734269
0.32153086419753074,17.515151515151516,0.39479069767441866,0.06802925435686077
0.32153086419753074,18.0,0.4169999999999999,0.07589964134009827
0.32153086419753074,18.0,0.4348139534883721,0.06529584046510428
0.32153086419753074,18.0,0.43065909090909094,0.09737648194270107
0.32153086419753074,18.0,0.43948837209302327,0.08491346404675577
0.32153086419753074,18.0,0.43818604651162796,0.0650324626678784
0.32153086419753074,18.484848484848484,0.4420454545454545,0.08058788385851429
0.32153086419753074,18.484848484848484,0.45759090909090916,0.07268122121535502
0.32153086419753074,18.484848484848484,0.44458139534883717,0.08123873304582126
0.32153086419753074,18.484848484848484,0.4508636363636363,0.08397282864363462
0.32153086419753074,18.484848484848484,0.4695581395348838,0.0870015509954187
0.32153086419753074,18.96969696969697,0.5101162790697675,0.07906112127830331
0.32153086419753074,18.96969696969697,0.4600681818181819,0.08209373736696383
0.32153086419753074,18.96969696969697,0.4348863636363637,0.08317430107613848
0.32153086419753074,18.96969696969697,0.47168888888888877,0.07360610549018402
0.32153086419753074,18.96969696969697,0.4560681818181818,0.08411961119503171
0.32153086419753074,19.454545454545453,0.45811363636363645,0.07613481341705375
0.32153086419753074,19.454545454545453,0.49648888888888876,0.09221367028621257
0.32153086419753074,19.454545454545453,0.49472727272727274,0.08686336282721785
0.32153086419753074,19.454545454545453,0.468,0.07784541791852037
0.32153086419753074,19.454545454545453,0.49127272727272736,0.09025981780805788
0.32153086419753074,19.93939393939394,0.49639999999999995,0.08471583873947855
0.32153086419753074,19.93939393939394,0.5004318181818181,0.10003167628471783
0.32153086419753074,19.93939393939394,0.5122045454545455,0.07943252698344178
0.32153086419753074,19.93939393939394,0.47334090909090903,0.07911267660225858
0.32153086419753074,19.93939393939394,0.5143636363636364,0.0743643031754945
0.32153086419753074,20.424242424242426,0.5191111111111111,0.08196021317206219
0.32153086419753074,20.424242424242426,0.5064130434782609,0.08329193710311589
0.32153086419753074,20.424242424242426,0.488913043478261,0.0742050115754398
0.32153086419753074,20.424242424242426,0.5222391304347827,0.06429929500682174
0.32153086419753074,20.424242424242426,0.5150000000000001,0.09499122766515511
0.32153086419753074,20.90909090909091,0.5157826086956522,0.07687056117788786
0.32153086419753074,20.90909090909091,0.517,0.06936889416922305
0.32153086419753074,20.90909090909091,0.5227391304347826,0.0697870782802664
0.32153086419753074,20.90909090909091,0.5367173913043479,0.06993806671479705
0.32153086419753074,20.90909090909091,0.5323043478260869,0.059517578537852604
0.32153086419753074,21.393939393939394,0.5548260869565218,0.08109396169764137
0.32153086419753074,21.393939393939394,0.5360681818181818,0.07997283565154333
0.32153086419753074,21.393939393939394,0.5466739130434782,0.07939227164990033
0.32153086419753074,21.393939393939394,0.5254,0.08466545930897677
0.32153086419753074,21.393939393939394,0.5314222222222221,0.08436757905180003
0.32153086419753074,21.87878787878788,0.5592173913043478,0.0841217836244051
0.32153086419753074,21.87878787878788,0.5592826086956522,0.08051968785536331
0.32153086419753074,21.87878787878788,0.5555744680851064,0.060582893688695585
0.32153086419753074,21.87878787878788,0.5689333333333334,0.06741559331654823
0.32153086419753074,21.87878787878788,0.5636888888888887,0.08228617332813365
0.32153086419753074,22.363636363636363,0.5789545454545455,0.06988853285620887
0.32153086419753074,22.363636363636363,0.5604888888888888,0.06695159851123703
0.32153086419753074,22.363636363636363,0.5790425531914895,0.07372258450313336
0.32153086419753074,22.363636363636363,0.5765111111111111,0.060692896242649244
0.32153086419753074,22.363636363636363,0.597608695652174,0.08217464918004759
0.32153086419753074,22.848484848484848,0.5580222222222222,0.07037186587104849
0.32153086419753074,22.848484848484848,0.5890000000000001,0.0552626141413807
0.32153086419753074,22.848484848484848,0.5781999999999999,0.06760098618610036
0.32153086419753074,22.848484848484848,0.6156888888888888,0.07217504099901763
0.32153086419753074,22.848484848484848,0.6247954545454545,0.06491203122319206
0.32153086419753074,23.333333333333336,0.6048666666666667,0.08527357282430602
0.32153086419753074,23.333333333333336,0.6131521739130436,0.07603345013053375
0.32153086419753074,23.333333333333336,0.5977608695652176,0.07018087959062227
0.32153086419753074,23.333333333333336,0.6011521739130434,0.081606949669771
0.32153086419753074,23.333333333333336,0.6178,0.07922109707787581
0.32153086419753074,23.81818181818182,0.5997916666666666,0.06241726468338352
0.32153086419753074,23.81818181818182,0.6069999999999999,0.06649652046567966
0.32153086419753074,23.81818181818182,0.5993913043478261,0.08124452577167211
0.32153086419753074,23.81818181818182,0.6123111111111111,0.07579206121494438
0.32153086419753074,23.81818181818182,0.5897872340425532,0.08203370769831422
0.32153086419753074,24.303030303030305,0.627586956521739,0.06651334488100097
0.32153086419753074,24.303030303030305,0.6124893617021275,0.0768734445863544
0.32153086419753074,24.303030303030305,0.6041304347826085,0.06965055906503431
0.32153086419753074,24.303030303030305,0.6306888888888889,0.06781406678795328
0.32153086419753074,24.303030303030305,0.6247111111111112,0.07841701125598316
0.32153086419753074,24.78787878787879,0.627723404255319,0.07249496009706381
0.32153086419753074,24.78787878787879,0.6523777777777777,0.06830171264776078
0.32153086419753074,24.78787878787879,0.6212608695652174,0.05177855640698843
0.32153086419753074,24.78787878787879,0.6212666666666665,0.058330247537429304
0.32153086419753074,24.78787878787879,0.6188478260869567,0.06392657724204227
0.32153086419753074,25.272727272727273,0.6551086956521739,0.061367470586009686
0.32153086419753074,25.272727272727273,0.6220217391304347,0.060108050943944044
0.32153086419753074,25.272727272727273,0.6599777777777778,0.06324221125127281
0.32153086419753074,25.272727272727273,0.6438260869565218,0.05828837767209354
0.32153086419753074,25.272727272727273,0.6462222222222223,0.055277035170891275
0.32153086419753074,25.757575757575758,0.6693260869565218,0.06804731549119081
0.32153086419753074,25.757575757575758,0.6500888888888889,0.06761683624076091
0.32153086419753074,25.757575757575758,0.6415531914893616,0.05934816439852181
0.32153086419753074,25.757575757575758,0.6512,0.05786098282377628
0.32153086419753074,25.757575757575758,0.6695869565217392,0.05770900618694682
0.32153086419753074,26.242424242424242,0.6973777777777778,0.06740434832293467
0.32153086419753074,26.242424242424242,0.6706382978723405,0.055058354162290456
0.32153086419753074,26.242424242424242,0.6508260869565218,0.0677698484796075
0.32153086419753074,26.242424242424242,0.6742666666666667,0.06717519383423219
0.32153086419753074,26.242424242424242,0.6570869565217391,0.0583415081138473
0.32153086419753074,26.727272727272727,0.6778666666666666,0.05535003763925248
0.32153086419753074,26.727272727272727,0.6715555555555555,0.05500325467362235
0.32153086419753074,26.727272727272727,0.6800434782608695,0.053292448490968876
0.32153086419753074,26.727272727272727,0.7053695652173912,0.060045040592966246
0.32153086419753074,26.727272727272727,0.6865652173913045,0.042660261609663325
0.32153086419753074,27.21212121212121,0.6779111111111111,0.0457863745973126
0.32153086419753074,27.21212121212121,0.7077173913043479,0.050940571958465256
0.32153086419753074,27.21212121212121,0.6989777777777776,0.053264325726153035
0.32153086419753074,27.21212121212121,0.6995454545454545,0.05881884923044132
0.32153086419753074,27.21212121212121,0.7069347826086958,0.06076590941220144
0.32153086419753074,27.6969696969697,0.6937045454545454,0.058772125251785566
0.32153086419753074,27.6969696969697,0.7038888888888889,0.0625734136735837
0.32153086419753074,27.6969696969697,0.6774255319148936,0.049867375034206206
0.32153086419753074,27.6969696969697,0.6957777777777778,0.05768954801883339
0.32153086419753074,27.6969696969697,0.6968260869565216,0.0505836820001084
0.32153086419753074,28.181818181818183,0.7032173913043478,0.050976086910167674
0.32153086419753074,28.181818181818183,0.7011739130434783,0.06544373765098971
0.32153086419753074,28.181818181818183,0.7185555555555556,0.05182515714959528
0.32153086419753074,28.181818181818183,0.7234999999999998,0.0556431760728866
0.32153086419753074,28.181818181818183,0.7218222222222224,0.053290519852717134
0.32153086419753074,28.666666666666668,0.7328444444444445,0.05255048601342249
0.32153086419753074,28.666666666666668,0.7185744680851063,0.05377484371159463
0.32153086419753074,28.666666666666668,0.7338,0.06646021366200984
0.32153086419753074,28.666666666666668,0.7330454545454547,0.07439481731260052
0.32153086419753074,28.666666666666668,0.7010652173913045,0.05483826106950013
0.32153086419753074,29.151515151515152,0.7235227272727273,0.060869640378720086
0.32153086419753074,29.151515151515152,0.7333043478260869,0.05728641601075491
0.32153086419753074,29.151515151515152,0.7380227272727272,0.05859548874830632
0.32153086419753074,29.151515151515152,0.7199782608695654,0.04325781614743156
0.32153086419753074,29.151515151515152,0.7184565217391305,0.0518843641194109
0.32153086419753074,29.636363636363637,0.7182000000000001,0.0466550461722345
0.32153086419753074,29.636363636363637,0.729304347826087,0.049621116457489275
0.32153086419753074,29.636363636363637,0.7327391304347826,0.05349702746013037
0.32153086419753074,29.636363636363637,0.7478636363636363,0.05204307259336903
0.32153086419753074,29.636363636363637,0.7528604651162791,0.05758939719732366
0.32153086419753074,30.12121212121212,0.7579090909090909,0.06256335631756826
0.32153086419753074,30.12121212121212,0.7620227272727272,0.06542465779129027
0.32153086419753074,30.12121212121212,0.7593181818181818,0.0535777993063582
0.32153086419753074,30.12121212121212,0.74725,0.041694846531348785
0.32153086419753074,30.12121212121212,0.7440681818181818,0.048035686415637775
0.32153086419753074,30.606060606060606,0.7635681818181819,0.04642021391948317
0.32153086419753074,30.606060606060606,0.7464000000000001,0.039699090389803376
0.32153086419753074,30.606060606060606,0.7367608695652172,0.05930180171124969
0.32153086419753074,30.606060606060606,0.7409545454545455,0.047573366567981806
0.32153086419753074,30.606060606060606,0.751,0.05970871322330276
0.32153086419753074,31.090909090909093,0.7598085106382978,0.04807380774807445
0.32153086419753074,31.090909090909093,0.7609333333333335,0.04881821153809077
0.32153086419753074,31.090909090909093,0.7474999999999999,0.05142607611268652
0.32153086419753074,31.090909090909093,0.7705333333333333,0.04746629213335385
0.32153086419753074,31.090909090909093,0.7587272727272727,0.047258170835780364
0.32153086419753074,31.575757575757578,0.7697906976744185,0.06399693238997636
0.32153086419753074,31.575757575757578,0.7596222222222222,0.05287733767415087
0.32153086419753074,31.575757575757578,0.7718222222222222,0.054361051779902914
0.32153086419753074,31.575757575757578,0.7624347826086956,0.04324985658378487
0.32153086419753074,31.575757575757578,0.7609777777777778,0.04154916171845315
0.32153086419753074,32.06060606060606,0.7769555555555556,0.04783813242153427
0.32153086419753074,32.06060606060606,0.777860465116279,0.0607616699080615
0.32153086419753074,32.06060606060606,0.752022222222222,0.031945431868797
0.32153086419753074,32.06060606060606,0.7711136363636364,0.04857244631807538
0.32153086419753074,32.06060606060606,0.7679534883720932,0.051472256464096075
0.32153086419753074,32.54545454545455,0.7709347826086955,0.038087086807400757
0.32153086419753074,32.54545454545455,0.7844444444444445,0.0472109006035944
0.32153086419753074,32.54545454545455,0.760468085106383,0.034113609353771016
0.32153086419753074,32.54545454545455,0.7783478260869567,0.047434722831030764
0.32153086419753074,32.54545454545455,0.7811136363636362,0.036479892287701654
0.32153086419753074,33.03030303030303,0.8009069767441861,0.04896026578505927
0.32153086419753074,33.03030303030303,0.7777999999999998,0.03730510837822497
0.32153086419753074,33.03030303030303,0.7834146341463416,0.0465439606570674
0.32153086419753074,33.03030303030303,0.7832,0.032999393933828544
0.32153086419753074,33.03030303030303,0.7853333333333334,0.05564171097297423
0.32153086419753074,33.515151515151516,0.7877045454545456,0.045693932134193684
0.32153086419753074,33.515151515151516,0.7947727272727274,0.045149178808782754
0.32153086419753074,33.515151515151516,0.7916595744680852,0.04392318081133104
0.32153086419753074,33.515151515151516,0.7908837209302326,0.04085550789905275
0.32153086419753074,33.515151515151516,0.7777173913043479,0.04883186016432049
0.32153086419753074,34.0,0.7962500000000001,0.049934104304846336
0.32153086419753074,34.0,0.7933333333333334,0.04935990275517163
0.32153086419753074,34.0,0.8030227272727273,0.04758986171461868
0.32153086419753074,34.0,0.8095348837209303,0.04364036367017979
0.32153086419753074,34.0,0.7926363636363636,0.041913922024837194
0.32153086419753074,34.484848484848484,0.8000681818181817,0.042360679520299094
0.32153086419753074,34.484848484848484,0.7800666666666669,0.058690676904901644
0.32153086419753074,34.484848484848484,0.7985454545454546,0.049986113774206656
0.32153086419753074,34.484848484848484,0.8014545454545455,0.052491321596766886
0.32153086419753074,34.484848484848484,0.8010909090909092,0.044883089638940735
0.32153086419753074,34.96969696969697,0.813,0.042186813967486005
0.32153086419753074,34.96969696969697,0.8192857142857144,0.047320229095310314
0.32153086419753074,34.96969696969697,0.8311190476190478,0.05706103765390697
0.32153086419753074,34.96969696969697,0.8011521739130435,0.03941030950492652
0.32153086419753074,34.96969696969697,0.8068372093023256,0.044638043130692764
0.32153086419753074,35.45454545454545,0.8290232558139534,0.04272763300204933
0.32153086419753074,35.45454545454545,0.8076222222222224,0.047549407702299554
0.32153086419753074,35.45454545454545,0.815088888888889,0.04418185762515962
0.32153086419753074,35.45454545454545,0.8122619047619049,0.0452080163160144
0.32153086419753074,35.45454545454545,0.8083863636363637,0.05007322633771233
0.32153086419753074,35.93939393939394,0.8303409090909092,0.04972695591556052
0.32153086419753074,35.93939393939394,0.8119534883720929,0.048739914156852034
0.32153086419753074,35.93939393939394,0.8218837209302325,0.0471707483768675
0.32153086419753074,35.93939393939394,0.8224186046511627,0.04002396523836486
0.32153086419753074,35.93939393939394,0.8154761904761904,0.03789034183713769
0.32153086419753074,36.42424242424242,0.8266744186046511,0.05137220356457939
0.32153086419753074,36.42424242424242,0.8030444444444446,0.05234668855304159
0.32153086419753074,36.42424242424242,0.8167906976744188,0.037072247589992634
0.32153086419753074,36.42424242424242,0.8203555555555556,0.0422564422731049
0.32153086419753074,36.42424242424242,0.8154772727272726,0.04558632601816811
0.32153086419753074,36.90909090909091,0.8337272727272727,0.05253066794150026
0.32153086419753074,36.90909090909091,0.8150697674418603,0.051615030868670655
0.32153086419753074,36.90909090909091,0.8100454545454544,0.03963982991515577
0.32153086419753074,36.90909090909091,0.8264651162790698,0.047003883479940035
0.32153086419753074,36.90909090909091,0.827159090909091,0.04262678584998903