network,attack,fraction_removed,repeat,n_nodes,n_edges,density,mean_degree,average_clustering,n_components,giant_component_size,giant_component_fraction,global_efficiency_approx,n_spikes,mean_firing_rate_hz,active_fraction,population_rate_mean,population_rate_cv
aggregated,random,0.0,0,1425,86583,0.0853370786516854,121.52,0.4651891725177661,1,1425,1.0,0.21759567291683254,0,0.0,0.0,0.0,0.0
aggregated,random,0.0,1,1425,86583,0.0853370786516854,121.52,0.4651891725177661,1,1425,1.0,0.21839401414831824,0,0.0,0.0,0.0,0.0
aggregated,random,0.0,2,1425,86583,0.0853370786516854,121.52,0.4651891725177661,1,1425,1.0,0.21227503215884005,0,0.0,0.0,0.0,0.0
aggregated,random,0.0,3,1425,86583,0.0853370786516854,121.52,0.4651891725177661,1,1425,1.0,0.220251565661995,0,0.0,0.0,0.0,0.0
aggregated,random,0.0,4,1425,86583,0.0853370786516854,121.52,0.4651891725177661,1,1425,1.0,0.22346489719909302,0,0.0,0.0,0.0,0.0
aggregated,random,0.1,0,1283,71018,0.08635425697620266,110.70615744349182,0.46626745837921413,5,1268,0.9883086515978177,0.22157381592691017,0,0.0,0.0,0.0,0.0
aggregated,random,0.1,1,1283,70606,0.08585328604102854,110.0639127045986,0.4647725209376885,9,1234,0.9618082618862042,0.22858147121623246,0,0.0,0.0,0.0,0.0
aggregated,random,0.1,2,1283,70800,0.08608918012215422,110.36632891660172,0.4675689254396545,6,1261,0.9828526890101325,0.21788063509192615,0,0.0,0.0,0.0,0.0
aggregated,random,0.1,3,1283,70931,0.08624846942435764,110.57053780202651,0.4678451896822703,8,851,0.6632891660171473,0.34873679812445,0,0.0,0.0,0.0,0.0
aggregated,random,0.1,4,1283,70696,0.08596272143948891,110.20420888542479,0.47049399983906404,11,826,0.6438035853468433,0.3614590622506135,0,0.0,0.0,0.0,0.0
aggregated,random,0.2,0,1140,54563,0.08404263512160559,95.72456140350877,0.46274658618206455,12,759,0.6657894736842105,0.36119416253759223,0,0.0,0.0,0.0,0.0
aggregated,random,0.2,1,1140,54217,0.08350969610153566,95.11754385964912,0.4613613407627791,13,722,0.6333333333333333,0.3659180645941602,0,0.0,0.0,0.0,0.0
aggregated,random,0.2,2,1140,55938,0.08616052862621876,98.13684210526316,0.46619585341054226,13,734,0.643859649122807,0.37733148121481125,0,0.0,0.0,0.0,0.0
aggregated,random,0.2,3,1140,56255,0.08664879934691866,98.69298245614036,0.4582606025076679,24,725,0.6359649122807017,0.39383853650315076,0,0.0,0.0,0.0,0.0
aggregated,random,0.2,4,1140,57677,0.08883908630223496,101.18771929824561,0.46651525559597756,13,733,0.6429824561403509,0.36301444503033276,0,0.0,0.0,0.0,0.0
aggregated,random,0.3,0,997,42568,0.08573511699757909,85.39217652958877,0.46017292481559974,20,629,0.6308926780341023,0.3638500367046232,0,0.0,0.0,0.0,0.0
aggregated,random,0.3,1,997,39701,0.07996076583163145,79.64092276830492,0.4574390827324616,25,639,0.6409227683049148,0.3607552282805211,0,0.0,0.0,0.0,0.0
aggregated,random,0.3,2,997,42843,0.08628898744426049,85.94383149448345,0.45304961710289493,26,620,0.6218655967903711,0.4149020233537808,0,0.0,0.0,0.0,0.0
aggregated,random,0.3,3,997,42083,0.08475829093706823,84.41925777331996,0.45550418651826474,22,589,0.5907723169508525,0.4039452281087307,0,0.0,0.0,0.0,0.0
aggregated,random,0.3,4,997,43908,0.08843397662868123,88.0802407221665,0.4574722957650765,22,642,0.6439317953861585,0.36985427177687336,0,0.0,0.0,0.0,0.0
aggregated,random,0.4,0,855,30993,0.08489255926702001,72.49824561403508,0.45209209029400405,31,527,0.6163742690058479,0.39539475118272205,0,0.0,0.0,0.0,0.0
aggregated,random,0.4,1,855,32074,0.08785351356533411,75.02690058479533,0.46383339581252997,35,501,0.5859649122807018,0.4132425296744824,0,0.0,0.0,0.0,0.0
aggregated,random,0.4,2,855,31172,0.08538285604722189,72.91695906432749,0.45312355856026365,25,525,0.6140350877192983,0.3987930344428239,0,0.0,0.0,0.0,0.0
aggregated,random,0.4,3,855,32326,0.08854376378103729,75.61637426900585,0.45333129224564334,29,528,0.6175438596491228,0.41431748437214966,0,0.0,0.0,0.0,0.0
aggregated,random,0.4,4,855,31082,0.08513633811304216,72.706432748538,0.4530823750880371,25,510,0.5964912280701754,0.42004142054815985,0,0.0,0.0,0.0,0.0
aggregated,random,0.5,0,713,22346,0.08803599287706636,62.681626928471246,0.4438890571564452,37,200,0.2805049088359046,0.6630754368966585,0,0.0,0.0,0.0,0.0
aggregated,random,0.5,1,713,23208,0.09143199331831003,65.09957924263675,0.46689848052290334,37,405,0.5680224403927069,0.4287493350079473,0,0.0,0.0,0.0,0.0
aggregated,random,0.5,2,713,21541,0.08486455394991885,60.423562412342214,0.4381366700389699,37,232,0.32538569424964936,0.6036737801754076,0,0.0,0.0,0.0,0.0
aggregated,random,0.5,3,713,22850,0.09002158942275872,64.09537166900421,0.4325695911093239,47,222,0.31136044880785413,0.6132812369822802,0,0.0,0.0,0.0,0.0
aggregated,random,0.5,4,713,22869,0.09009644326079078,64.14866760168303,0.45244184821066336,39,228,0.31977559607293127,0.6361149757838557,0,0.0,0.0,0.0,0.0
aggregated,random,0.6,0,570,14846,0.09154873123053679,52.09122807017544,0.46741455337500865,43,171,0.3,0.6617460984296505,0,0.0,0.0,0.0,0.0
aggregated,random,0.6,1,570,14144,0.08721980698671107,49.628070175438594,0.43531601660975466,51,166,0.2912280701754386,0.6668512306923069,0,0.0,0.0,0.0,0.0
aggregated,random,0.6,2,570,13597,0.08384669934942805,47.708771929824564,0.44888095657073557,47,322,0.5649122807017544,0.43243382441142997,0,0.0,0.0,0.0,0.0
aggregated,random,0.6,3,570,13526,0.08340887367804396,47.459649122807015,0.43479252836040444,41,343,0.6017543859649123,0.37461450589022044,0,0.0,0.0,0.0,0.0
aggregated,random,0.6,4,570,14454,0.0891314401997965,50.71578947368421,0.4436554649466342,49,171,0.3,0.649788532280881,0,0.0,0.0,0.0,0.0
aggregated,random,0.7,0,428,7507,0.08215325351835234,35.07943925233645,0.42730602261510836,52,137,0.32009345794392524,0.6068003524182243,0,0.0,0.0,0.0,0.0
aggregated,random,0.7,1,428,7104,0.07774300159775877,33.19626168224299,0.40740170195333586,44,126,0.29439252336448596,0.609440301318017,0,0.0,0.0,0.0,0.0
aggregated,random,0.7,2,428,6815,0.07458031473658867,31.845794392523363,0.42299474956142297,51,130,0.3037383177570093,0.628006539878567,0,0.0,0.0,0.0,0.0
aggregated,random,0.7,3,428,7416,0.0811573901814441,34.654205607476634,0.43665856267487574,45,237,0.5537383177570093,0.43186986264865773,0,0.0,0.0,0.0,0.0
aggregated,random,0.7,4,428,7953,0.08703407822451793,37.16355140186916,0.4256507432613307,59,115,0.26869158878504673,0.681434994783725,0,0.0,0.0,0.0,0.0
aggregated,random,0.8,0,285,3150,0.07783543365455893,22.105263157894736,0.39058406182359595,45,74,0.2596491228070175,0.6787594783136081,0,0.0,0.0,0.0,0.0
aggregated,random,0.8,1,285,3904,0.0964665184086978,27.396491228070175,0.44119510271597023,35,82,0.28771929824561404,0.6868290017686668,0,0.0,0.0,0.0,0.0
aggregated,random,0.8,2,285,3327,0.08220904373610081,23.347368421052632,0.4058168154771978,43,78,0.2736842105263158,0.6764757041048817,0,0.0,0.0,0.0,0.0
aggregated,random,0.8,3,285,3036,0.07501853224610823,21.305263157894736,0.39081104187652527,44,79,0.2771929824561403,0.6392757013327752,0,0.0,0.0,0.0,0.0
aggregated,random,0.8,4,285,3535,0.08734865332344947,24.80701754385965,0.4349837562120251,44,79,0.2771929824561403,0.6874509976010669,0,0.0,0.0,0.0,0.0
aggregated,degree,0.0,0,1425,86583,0.0853370786516854,121.52,0.4651891725177661,1,1425,1.0,0.21896790863248997,0,0.0,0.0,0.0,0.0
aggregated,degree,0.0,1,1425,86583,0.0853370786516854,121.52,0.4651891725177661,1,1425,1.0,0.22741341169963483,0,0.0,0.0,0.0,0.0
aggregated,degree,0.0,2,1425,86583,0.0853370786516854,121.52,0.4651891725177661,1,1425,1.0,0.21530007490156064,0,0.0,0.0,0.0,0.0
aggregated,degree,0.0,3,1425,86583,0.0853370786516854,121.52,0.4651891725177661,1,1425,1.0,0.22015455001340695,0,0.0,0.0,0.0,0.0
aggregated,degree,0.0,4,1425,86583,0.0853370786516854,121.52,0.4651891725177661,1,1425,1.0,0.21448039649079476,0,0.0,0.0,0.0,0.0
aggregated,degree,0.1,0,1283,60160,0.07315148412639545,93.78020265003897,0.4428652390114202,1,1283,1.0,0.2056077774737112,0,0.0,0.0,0.0,0.0
aggregated,degree,0.1,1,1283,60160,0.07315148412639545,93.78020265003897,0.4428652390114202,1,1283,1.0,0.21193960651116506,0,0.0,0.0,0.0,0.0
aggregated,degree,0.1,2,1283,60160,0.07315148412639545,93.78020265003897,0.4428652390114202,1,1283,1.0,0.21097405417272802,0,0.0,0.0,0.0,0.0
aggregated,degree,0.1,3,1283,60160,0.07315148412639545,93.78020265003897,0.4428652390114202,1,1283,1.0,0.2044040873186712,0,0.0,0.0,0.0,0.0
aggregated,degree,0.1,4,1283,60160,0.07315148412639545,93.78020265003897,0.4428652390114202,1,1283,1.0,0.2081529484909614,0,0.0,0.0,0.0,0.0
aggregated,degree,0.2,0,1140,40889,0.06298076182554718,71.73508771929825,0.41963556941029956,1,1140,1.0,0.19679811235228653,0,0.0,0.0,0.0,0.0
aggregated,degree,0.2,1,1140,40889,0.06298076182554718,71.73508771929825,0.41963556941029956,1,1140,1.0,0.20057714791832343,0,0.0,0.0,0.0,0.0
aggregated,degree,0.2,2,1140,40889,0.06298076182554718,71.73508771929825,0.41963556941029956,1,1140,1.0,0.20773822113679968,0,0.0,0.0,0.0,0.0
aggregated,degree,0.2,3,1140,40889,0.06298076182554718,71.73508771929825,0.41963556941029956,1,1140,1.0,0.2060495686501608,0,0.0,0.0,0.0,0.0
aggregated,degree,0.2,4,1140,40889,0.06298076182554718,71.73508771929825,0.41963556941029956,1,1140,1.0,0.20507370724305182,0,0.0,0.0,0.0,0.0
aggregated,degree,0.3,0,997,25709,0.05177983750448131,51.57271815446339,0.39305668522654325,1,997,1.0,0.20146984487300412,0,0.0,0.0,0.0,0.0
aggregated,degree,0.3,1,997,25709,0.05177983750448131,51.57271815446339,0.39305668522654325,1,997,1.0,0.189840503437689,0,0.0,0.0,0.0,0.0
aggregated,degree,0.3,2,997,25709,0.05177983750448131,51.57271815446339,0.39305668522654325,1,997,1.0,0.20252722041116863,0,0.0,0.0,0.0,0.0
aggregated,degree,0.3,3,997,25709,0.05177983750448131,51.57271815446339,0.39305668522654325,1,997,1.0,0.20349904533688112,0,0.0,0.0,0.0,0.0
aggregated,degree,0.3,4,997,25709,0.05177983750448131,51.57271815446339,0.39305668522654325,1,997,1.0,0.19856518601031375,0,0.0,0.0,0.0,0.0
aggregated,degree,0.4,0,855,16314,0.04468548420230905,38.16140350877193,0.3673915332026485,1,855,1.0,0.20017879551960996,0,0.0,0.0,0.0,0.0
aggregated,degree,0.4,1,855,16314,0.04468548420230905,38.16140350877193,0.3673915332026485,1,855,1.0,0.20192367562242644,0,0.0,0.0,0.0,0.0
aggregated,degree,0.4,2,855,16314,0.04468548420230905,38.16140350877193,0.3673915332026485,1,855,1.0,0.19502074383130946,0,0.0,0.0,0.0,0.0
aggregated,degree,0.4,3,855,16314,0.04468548420230905,38.16140350877193,0.3673915332026485,1,855,1.0,0.20772035989134569,0,0.0,0.0,0.0,0.0
aggregated,degree,0.4,4,855,16314,0.04468548420230905,38.16140350877193,0.3673915332026485,1,855,1.0,0.19276781735508225,0,0.0,0.0,0.0,0.0
aggregated,degree,0.5,0,713,12474,0.049143514505885874,34.99018232819074,0.3506303600992543,3,711,0.9971949509116409,0.22682550533960621,0,0.0,0.0,0.0,0.0
aggregated,degree,0.5,1,713,12474,0.049143514505885874,34.99018232819074,0.3506303600992543,3,711,0.9971949509116409,0.2201620516035387,0,0.0,0.0,0.0,0.0
aggregated,degree,0.5,2,713,12474,0.049143514505885874,34.99018232819074,0.3506303600992543,3,711,0.9971949509116409,0.22257118112001179,0,0.0,0.0,0.0,0.0
aggregated,degree,0.5,3,713,12474,0.049143514505885874,34.99018232819074,0.3506303600992543,3,711,0.9971949509116409,0.21183037313546632,0,0.0,0.0,0.0,0.0
aggregated,degree,0.5,4,713,12474,0.049143514505885874,34.99018232819074,0.3506303600992543,3,711,0.9971949509116409,0.21917173917052776,0,0.0,0.0,0.0,0.0
aggregated,degree,0.6,0,570,4075,0.025128726913945673,14.298245614035087,0.32516823174221665,6,564,0.9894736842105263,0.17518028400053978,0,0.0,0.0,0.0,0.0
aggregated,degree,0.6,1,570,4075,0.025128726913945673,14.298245614035087,0.32516823174221665,6,564,0.9894736842105263,0.16552398283236744,0,0.0,0.0,0.0,0.0
aggregated,degree,0.6,2,570,4075,0.025128726913945673,14.298245614035087,0.32516823174221665,6,564,0.9894736842105263,0.18152335325429697,0,0.0,0.0,0.0,0.0
aggregated,degree,0.6,3,570,4075,0.025128726913945673,14.298245614035087,0.32516823174221665,6,564,0.9894736842105263,0.1696201683819713,0,0.0,0.0,0.0,0.0
aggregated,degree,0.6,4,570,4075,0.025128726913945673,14.298245614035087,0.32516823174221665,6,564,0.9894736842105263,0.1728061034008416,0,0.0,0.0,0.0,0.0
aggregated,degree,0.7,0,428,1248,0.013657554334741404,5.831775700934579,0.30674114865327495,4,424,0.9906542056074766,0.12288005786691433,0,0.0,0.0,0.0,0.0
aggregated,degree,0.7,1,428,1248,0.013657554334741404,5.831775700934579,0.30674114865327495,4,424,0.9906542056074766,0.12290463795874378,0,0.0,0.0,0.0,0.0
aggregated,degree,0.7,2,428,1248,0.013657554334741404,5.831775700934579,0.30674114865327495,4,424,0.9906542056074766,0.12643269088487913,0,0.0,0.0,0.0,0.0
aggregated,degree,0.7,3,428,1248,0.013657554334741404,5.831775700934579,0.30674114865327495,4,424,0.9906542056074766,0.12522503518431544,0,0.0,0.0,0.0,0.0
aggregated,degree,0.7,4,428,1248,0.013657554334741404,5.831775700934579,0.30674114865327495,4,424,0.9906542056074766,0.12244375136148791,0,0.0,0.0,0.0,0.0
aggregated,degree,0.8,0,285,449,0.011094638003459353,3.150877192982456,0.24939014202172116,14,112,0.3929824561403509,0.198834357732916,0,0.0,0.0,0.0,0.0
aggregated,degree,0.8,1,285,449,0.011094638003459353,3.150877192982456,0.24939014202172116,14,112,0.3929824561403509,0.203615891188316,0,0.0,0.0,0.0,0.0
aggregated,degree,0.8,2,285,449,0.011094638003459353,3.150877192982456,0.24939014202172116,14,112,0.3929824561403509,0.20104122092781673,0,0.0,0.0,0.0,0.0
aggregated,degree,0.8,3,285,449,0.011094638003459353,3.150877192982456,0.24939014202172116,14,112,0.3929824561403509,0.20340990858998378,0,0.0,0.0,0.0,0.0
aggregated,degree,0.8,4,285,449,0.011094638003459353,3.150877192982456,0.24939014202172116,14,112,0.3929824561403509,0.20186331928103626,0,0.0,0.0,0.0,0.0
aggregated,betweenness,0.0,0,1425,86583,0.0853370786516854,121.52,0.4651891725177661,1,1425,1.0,0.22595596403047025,0,0.0,0.0,0.0,0.0
aggregated,betweenness,0.0,1,1425,86583,0.0853370786516854,121.52,0.4651891725177661,1,1425,1.0,0.2206219371464439,0,0.0,0.0,0.0,0.0
aggregated,betweenness,0.0,2,1425,86583,0.0853370786516854,121.52,0.4651891725177661,1,1425,1.0,0.22545537649053826,0,0.0,0.0,0.0,0.0
aggregated,betweenness,0.0,3,1425,86583,0.0853370786516854,121.52,0.4651891725177661,1,1425,1.0,0.21713050304167023,0,0.0,0.0,0.0,0.0
aggregated,betweenness,0.0,4,1425,86583,0.0853370786516854,121.52,0.4651891725177661,1,1425,1.0,0.2232445944768875,0,0.0,0.0,0.0,0.0
aggregated,betweenness,0.1,0,1283,79308,0.0964344731232741,123.62899454403741,0.47665789646671924,23,811,0.6321122369446609,0.4023381014785518,0,0.0,0.0,0.0,0.0
aggregated,betweenness,0.1,1,1283,79308,0.0964344731232741,123.62899454403741,0.47665789646671924,23,811,0.6321122369446609,0.40611110420672764,0,0.0,0.0,0.0,0.0
aggregated,betweenness,0.1,2,1283,79308,0.0964344731232741,123.62899454403741,0.47665789646671924,23,811,0.6321122369446609,0.38915234972430907,0,0.0,0.0,0.0,0.0
aggregated,betweenness,0.1,3,1283,79308,0.0964344731232741,123.62899454403741,0.47665789646671924,23,811,0.6321122369446609,0.3979643981781128,0,0.0,0.0,0.0,0.0
aggregated,betweenness,0.1,4,1283,79308,0.0964344731232741,123.62899454403741,0.47665789646671924,23,811,0.6321122369446609,0.4072678961591709,0,0.0,0.0,0.0,0.0
aggregated,betweenness,0.2,0,1140,74169,0.11424148606811145,130.12105263157895,0.48487433636063115,42,357,0.3131578947368421,0.6752438725227481,0,0.0,0.0,0.0,0.0
aggregated,betweenness,0.2,1,1140,74169,0.11424148606811145,130.12105263157895,0.48487433636063115,42,357,0.3131578947368421,0.6999490596998964,0,0.0,0.0,0.0,0.0
aggregated,betweenness,0.2,2,1140,74169,0.11424148606811145,130.12105263157895,0.48487433636063115,42,357,0.3131578947368421,0.7012313539180346,0,0.0,0.0,0.0,0.0
aggregated,betweenness,0.2,3,1140,74169,0.11424148606811145,130.12105263157895,0.48487433636063115,42,357,0.3131578947368421,0.6836853744496146,0,0.0,0.0,0.0,0.0
aggregated,betweenness,0.2,4,1140,74169,0.11424148606811145,130.12105263157895,0.48487433636063115,42,357,0.3131578947368421,0.6730758528938652,0,0.0,0.0,0.0,0.0
aggregated,betweenness,0.3,0,997,67720,0.1363931150882366,135.84754262788366,0.4936026707117685,51,354,0.3550651955867603,0.7388634279625844,0,0.0,0.0,0.0,0.0
aggregated,betweenness,0.3,1,997,67720,0.1363931150882366,135.84754262788366,0.4936026707117685,51,354,0.3550651955867603,0.7505083298739981,0,0.0,0.0,0.0,0.0
aggregated,betweenness,0.3,2,997,67720,0.1363931150882366,135.84754262788366,0.4936026707117685,51,354,0.3550651955867603,0.7406052414128242,0,0.0,0.0,0.0,0.0
aggregated,betweenness,0.3,3,997,67720,0.1363931150882366,135.84754262788366,0.4936026707117685,51,354,0.3550651955867603,0.742988313093159,0,0.0,0.0,0.0,0.0
aggregated,betweenness,0.3,4,997,67720,0.1363931150882366,135.84754262788366,0.4936026707117685,51,354,0.3550651955867603,0.7483476654629663,0,0.0,0.0,0.0,0.0
aggregated,betweenness,0.4,0,855,58156,0.15929441089061452,136.0374269005848,0.5047947251365247,64,323,0.37777777777777777,0.7621939466898199,0,0.0,0.0,0.0,0.0
aggregated,betweenness,0.4,1,855,58156,0.15929441089061452,136.0374269005848,0.5047947251365247,64,323,0.37777777777777777,0.7604809713195697,0,0.0,0.0,0.0,0.0
aggregated,betweenness,0.4,2,855,58156,0.15929441089061452,136.0374269005848,0.5047947251365247,64,323,0.37777777777777777,0.7657918801918817,0,0.0,0.0,0.0,0.0
aggregated,betweenness,0.4,3,855,58156,0.15929441089061452,136.0374269005848,0.5047947251365247,64,323,0.37777777777777777,0.7610560915208743,0,0.0,0.0,0.0,0.0
aggregated,betweenness,0.4,4,855,58156,0.15929441089061452,136.0374269005848,0.5047947251365247,64,323,0.37777777777777777,0.7601943406174175,0,0.0,0.0,0.0,0.0
aggregated,betweenness,0.5,0,713,43509,0.17141134941771594,122.04488078541374,0.4956459129608313,61,291,0.40813464235624125,0.7719115572529587,0,0.0,0.0,0.0,0.0
aggregated,betweenness,0.5,1,713,43509,0.17141134941771594,122.04488078541374,0.4956459129608313,61,291,0.40813464235624125,0.7711230118709251,0,0.0,0.0,0.0,0.0
aggregated,betweenness,0.5,2,713,43509,0.17141134941771594,122.04488078541374,0.4956459129608313,61,291,0.40813464235624125,0.7726038646748267,0,0.0,0.0,0.0,0.0
aggregated,betweenness,0.5,3,713,43509,0.17141134941771594,122.04488078541374,0.4956459129608313,61,291,0.40813464235624125,0.7670033415431586,0,0.0,0.0,0.0,0.0
aggregated,betweenness,0.5,4,713,43509,0.17141134941771594,122.04488078541374,0.4956459129608313,61,291,0.40813464235624125,0.773446514266095,0,0.0,0.0,0.0,0.0
aggregated,betweenness,0.6,0,570,29441,0.18154965621434957,103.30175438596491,0.48229026832339617,64,256,0.44912280701754387,0.7725423825843697,0,0.0,0.0,0.0,0.0
aggregated,betweenness,0.6,1,570,29441,0.18154965621434957,103.30175438596491,0.48229026832339617,64,256,0.44912280701754387,0.7763366806952264,0,0.0,0.0,0.0,0.0
aggregated,betweenness,0.6,2,570,29441,0.18154965621434957,103.30175438596491,0.48229026832339617,64,256,0.44912280701754387,0.767517003721276,0,0.0,0.0,0.0,0.0
aggregated,betweenness,0.6,3,570,29441,0.18154965621434957,103.30175438596491,0.48229026832339617,64,256,0.44912280701754387,0.7742711413888583,0,0.0,0.0,0.0,0.0
aggregated,betweenness,0.6,4,570,29441,0.18154965621434957,103.30175438596491,0.48229026832339617,64,256,0.44912280701754387,0.7705218748346809,0,0.0,0.0,0.0,0.0
aggregated,betweenness,0.7,0,428,15441,0.16897940423296637,72.15420560747664,0.46027687262866757,64,207,0.48364485981308414,0.7641325910283479,0,0.0,0.0,0.0,0.0
aggregated,betweenness,0.7,1,428,15441,0.16897940423296637,72.15420560747664,0.46027687262866757,64,207,0.48364485981308414,0.7659570093457946,0,0.0,0.0,0.0,0.0
aggregated,betweenness,0.7,2,428,15441,0.16897940423296637,72.15420560747664,0.46027687262866757,64,207,0.48364485981308414,0.7678309514285365,0,0.0,0.0,0.0,0.0
aggregated,betweenness,0.7,3,428,15441,0.16897940423296637,72.15420560747664,0.46027687262866757,64,207,0.48364485981308414,0.7726387330993475,0,0.0,0.0,0.0,0.0
aggregated,betweenness,0.7,4,428,15441,0.16897940423296637,72.15420560747664,0.46027687262866757,64,207,0.48364485981308414,0.7652530908271019,0,0.0,0.0,0.0,0.0
aggregated,betweenness,0.8,0,285,5358,0.1323943661971831,37.6,0.40832742325042076,64,123,0.43157894736842106,0.7486182169348056,0,0.0,0.0,0.0,0.0
aggregated,betweenness,0.8,1,285,5358,0.1323943661971831,37.6,0.40832742325042076,64,123,0.43157894736842106,0.751874205844981,0,0.0,0.0,0.0,0.0
aggregated,betweenness,0.8,2,285,5358,0.1323943661971831,37.6,0.40832742325042076,64,123,0.43157894736842106,0.7428754727174516,0,0.0,0.0,0.0,0.0
aggregated,betweenness,0.8,3,285,5358,0.1323943661971831,37.6,0.40832742325042076,64,123,0.43157894736842106,0.7413039560241517,0,0.0,0.0,0.0,0.0
aggregated,betweenness,0.8,4,285,5358,0.1323943661971831,37.6,0.40832742325042076,64,123,0.43157894736842106,0.7480794642657171,0,0.0,0.0,0.0,0.0
aggregated,community_bridge,0.0,0,1425,86583,0.0853370786516854,121.52,0.4651891725177661,1,1425,1.0,0.2204831913141022,0,0.0,0.0,0.0,0.0
aggregated,community_bridge,0.0,1,1425,86583,0.0853370786516854,121.52,0.4651891725177661,1,1425,1.0,0.21592614360136606,0,0.0,0.0,0.0,0.0
aggregated,community_bridge,0.0,2,1425,86583,0.0853370786516854,121.52,0.4651891725177661,1,1425,1.0,0.2177361083263572,0,0.0,0.0,0.0,0.0
aggregated,community_bridge,0.0,3,1425,86583,0.0853370786516854,121.52,0.4651891725177661,1,1425,1.0,0.21593601545370417,0,0.0,0.0,0.0,0.0
aggregated,community_bridge,0.0,4,1425,86583,0.0853370786516854,121.52,0.4651891725177661,1,1425,1.0,0.21775739435517735,0,0.0,0.0,0.0,0.0
aggregated,community_bridge,0.1,0,1283,73777,0.08970905991344875,115.00701480904131,0.469426355791827,13,379,0.2954014029618083,0.6684293215782059,0,0.0,0.0,0.0,0.0
aggregated,community_bridge,0.1,1,1283,73777,0.08970905991344875,115.00701480904131,0.469426355791827,13,379,0.2954014029618083,0.6472878075232644,0,0.0,0.0,0.0,0.0
aggregated,community_bridge,0.1,2,1283,73777,0.08970905991344875,115.00701480904131,0.469426355791827,13,379,0.2954014029618083,0.6562502968093297,0,0.0,0.0,0.0,0.0
aggregated,community_bridge,0.1,3,1283,73777,0.08970905991344875,115.00701480904131,0.469426355791827,13,379,0.2954014029618083,0.6502292237223227,0,0.0,0.0,0.0,0.0
aggregated,community_bridge,0.1,4,1283,73777,0.08970905991344875,115.00701480904131,0.469426355791827,13,379,0.2954014029618083,0.6259970363868598,0,0.0,0.0,0.0,0.0
aggregated,community_bridge,0.2,0,1140,53488,0.0823868274725444,93.83859649122807,0.46051382655163664,13,337,0.2956140350877193,0.6280366528417659,0,0.0,0.0,0.0,0.0
aggregated,community_bridge,0.2,1,1140,53488,0.0823868274725444,93.83859649122807,0.46051382655163664,13,337,0.2956140350877193,0.6277237160418372,0,0.0,0.0,0.0,0.0
aggregated,community_bridge,0.2,2,1140,53488,0.0823868274725444,93.83859649122807,0.46051382655163664,13,337,0.2956140350877193,0.6341477847343139,0,0.0,0.0,0.0,0.0
aggregated,community_bridge,0.2,3,1140,53488,0.0823868274725444,93.83859649122807,0.46051382655163664,13,337,0.2956140350877193,0.6203693624396402,0,0.0,0.0,0.0,0.0
aggregated,community_bridge,0.2,4,1140,53488,0.0823868274725444,93.83859649122807,0.46051382655163664,13,337,0.2956140350877193,0.636471317118344,0,0.0,0.0,0.0,0.0
aggregated,community_bridge,0.3,0,997,36690,0.0738963879590579,73.60080240722166,0.4498904411060714,13,293,0.2938816449348044,0.6053138974049427,0,0.0,0.0,0.0,0.0
aggregated,community_bridge,0.3,1,997,36690,0.0738963879590579,73.60080240722166,0.4498904411060714,13,293,0.2938816449348044,0.6271355991755357,0,0.0,0.0,0.0,0.0
aggregated,community_bridge,0.3,2,997,36690,0.0738963879590579,73.60080240722166,0.4498904411060714,13,293,0.2938816449348044,0.6154944345862463,0,0.0,0.0,0.0,0.0
aggregated,community_bridge,0.3,3,997,36690,0.0738963879590579,73.60080240722166,0.4498904411060714,13,293,0.2938816449348044,0.6186268199374008,0,0.0,0.0,0.0,0.0
aggregated,community_bridge,0.3,4,997,36690,0.0738963879590579,73.60080240722166,0.4498904411060714,13,293,0.2938816449348044,0.6115890323114959,0,0.0,0.0,0.0,0.0
aggregated,community_bridge,0.4,0,855,23320,0.06387553583412083,54.54970760233918,0.43661664985827264,13,250,0.29239766081871343,0.5891279408458022,0,0.0,0.0,0.0,0.0
aggregated,community_bridge,0.4,1,855,23320,0.06387553583412083,54.54970760233918,0.43661664985827264,13,250,0.29239766081871343,0.5899820020244748,0,0.0,0.0,0.0,0.0
aggregated,community_bridge,0.4,2,855,23320,0.06387553583412083,54.54970760233918,0.43661664985827264,13,250,0.29239766081871343,0.5797322234454043,0,0.0,0.0,0.0,0.0
aggregated,community_bridge,0.4,3,855,23320,0.06387553583412083,54.54970760233918,0.43661664985827264,13,250,0.29239766081871343,0.6021761227112307,0,0.0,0.0,0.0,0.0
aggregated,community_bridge,0.4,4,855,23320,0.06387553583412083,54.54970760233918,0.43661664985827264,13,250,0.29239766081871343,0.5952564227174085,0,0.0,0.0,0.0,0.0
aggregated,community_bridge,0.5,0,713,13268,0.05227161700048852,37.21739130434783,0.416955134026675,13,201,0.28190743338008417,0.5328890253638622,0,0.0,0.0,0.0,0.0
aggregated,community_bridge,0.5,1,713,13268,0.05227161700048852,37.21739130434783,0.416955134026675,13,201,0.28190743338008417,0.5447727568836239,0,0.0,0.0,0.0,0.0
aggregated,community_bridge,0.5,2,713,13268,0.05227161700048852,37.21739130434783,0.416955134026675,13,201,0.28190743338008417,0.5347021812520719,0,0.0,0.0,0.0,0.0
aggregated,community_bridge,0.5,3,713,13268,0.05227161700048852,37.21739130434783,0.416955134026675,13,201,0.28190743338008417,0.5644118147352228,0,0.0,0.0,0.0,0.0
aggregated,community_bridge,0.5,4,713,13268,0.05227161700048852,37.21739130434783,0.416955134026675,13,201,0.28190743338008417,0.5582518282083594,0,0.0,0.0,0.0,0.0
aggregated,community_bridge,0.6,0,570,6352,0.03916998119199581,22.287719298245612,0.39623839383006093,15,139,0.24385964912280703,0.4915433333791757,0,0.0,0.0,0.0,0.0
aggregated,community_bridge,0.6,1,570,6352,0.03916998119199581,22.287719298245612,0.39623839383006093,15,139,0.24385964912280703,0.5296264283760526,0,0.0,0.0,0.0,0.0
aggregated,community_bridge,0.6,2,570,6352,0.03916998119199581,22.287719298245612,0.39623839383006093,15,139,0.24385964912280703,0.47242405789711944,0,0.0,0.0,0.0,0.0
aggregated,community_bridge,0.6,3,570,6352,0.03916998119199581,22.287719298245612,0.39623839383006093,15,139,0.24385964912280703,0.5266153591342867,0,0.0,0.0,0.0,0.0
aggregated,community_bridge,0.6,4,570,6352,0.03916998119199581,22.287719298245612,0.39623839383006093,15,139,0.24385964912280703,0.4987989430904929,0,0.0,0.0,0.0,0.0
aggregated,community_bridge,0.7,0,428,1944,0.021274267329116418,9.08411214953271,0.35948715642496054,16,88,0.205607476635514,0.3749827420458047,0,0.0,0.0,0.0,0.0
aggregated,community_bridge,0.7,1,428,1944,0.021274267329116418,9.08411214953271,0.35948715642496054,16,88,0.205607476635514,0.366795227215957,0,0.0,0.0,0.0,0.0
aggregated,community_bridge,0.7,2,428,1944,0.021274267329116418,9.08411214953271,0.35948715642496054,16,88,0.205607476635514,0.38929098947956825,0,0.0,0.0,0.0,0.0
aggregated,community_bridge,0.7,3,428,1944,0.021274267329116418,9.08411214953271,0.35948715642496054,16,88,0.205607476635514,0.38407585558158175,0,0.0,0.0,0.0,0.0
aggregated,community_bridge,0.7,4,428,1944,0.021274267329116418,9.08411214953271,0.35948715642496054,16,88,0.205607476635514,0.3716949046645582,0,0.0,0.0,0.0,0.0
aggregated,community_bridge,0.8,0,285,427,0.010551025450951322,2.9964912280701754,0.27367585630743524,29,74,0.2596491228070175,0.27328966910358593,0,0.0,0.0,0.0,0.0
aggregated,community_bridge,0.8,1,285,427,0.010551025450951322,2.9964912280701754,0.27367585630743524,29,74,0.2596491228070175,0.2687772290776836,0,0.0,0.0,0.0,0.0
aggregated,community_bridge,0.8,2,285,427,0.010551025450951322,2.9964912280701754,0.27367585630743524,29,74,0.2596491228070175,0.2655273837185858,0,0.0,0.0,0.0,0.0
aggregated,community_bridge,0.8,3,285,427,0.010551025450951322,2.9964912280701754,0.27367585630743524,29,74,0.2596491228070175,0.26015318130644577,0,0.0,0.0,0.0,0.0
aggregated,community_bridge,0.8,4,285,427,0.010551025450951322,2.9964912280701754,0.27367585630743524,29,74,0.2596491228070175,0.2687643192934008,0,0.0,0.0,0.0,0.0
random_geometric,random,0.0,0,1425,86583,0.0853370786516854,121.52,0.646121617878096,1,1425,1.0,0.37074485018669556,0,0.0,0.0,0.0,0.0
random_geometric,random,0.0,1,1425,86583,0.0853370786516854,121.52,0.646121617878096,1,1425,1.0,0.36490856574320163,0,0.0,0.0,0.0,0.0
random_geometric,random,0.0,2,1425,86583,0.0853370786516854,121.52,0.646121617878096,1,1425,1.0,0.36110865185211777,0,0.0,0.0,0.0,0.0
random_geometric,random,0.0,3,1425,86583,0.0853370786516854,121.52,0.646121617878096,1,1425,1.0,0.36698613479750813,0,0.0,0.0,0.0,0.0
random_geometric,random,0.0,4,1425,86583,0.0853370786516854,121.52,0.646121617878096,1,1425,1.0,0.3621681631214433,0,0.0,0.0,0.0,0.0
random_geometric,random,0.1,0,1283,70413,0.08561860790877465,109.7630553390491,0.6458492342735352,1,1283,1.0,0.3672751946978595,0,0.0,0.0,0.0,0.0
random_geometric,random,0.1,1,1283,70355,0.08554808287421131,109.6726422447389,0.6460541474909125,1,1283,1.0,0.3696966823906442,0,0.0,0.0,0.0,0.0
random_geometric,random,0.1,2,1283,70462,0.08567818940349196,109.8394388152767,0.6463259681434484,1,1283,1.0,0.35857251504303117,0,0.0,0.0,0.0,0.0
random_geometric,random,0.1,3,1283,70476,0.0856952126876969,109.86126266562744,0.6453575911966885,1,1283,1.0,0.3657359408657482,0,0.0,0.0,0.0,0.0
random_geometric,random,0.1,4,1283,70550,0.08578519290420876,109.97661730319564,0.6455958999584313,1,1283,1.0,0.3663599286824,0,0.0,0.0,0.0,0.0
random_geometric,random,0.2,0,1140,55391,0.085317992082929,97.17719298245613,0.6459560643302079,1,1140,1.0,0.35515690803652966,0,0.0,0.0,0.0,0.0
random_geometric,random,0.2,1,1140,55507,0.0854966652804091,97.38070175438597,0.644275753209887,1,1140,1.0,0.3663756933118839,0,0.0,0.0,0.0,0.0
random_geometric,random,0.2,2,1140,55604,0.0856460730403709,97.55087719298245,0.6453922290263802,1,1140,1.0,0.3594598436386276,0,0.0,0.0,0.0,0.0
random_geometric,random,0.2,3,1140,55266,0.08512545630978235,96.9578947368421,0.6465005565731081,1,1140,1.0,0.359527943266562,0,0.0,0.0,0.0,0.0
random_geometric,random,0.2,4,1140,56102,0.08641313556058716,98.42456140350878,0.6462286648794562,1,1140,1.0,0.3651031118911617,0,0.0,0.0,0.0,0.0
random_geometric,random,0.3,0,997,42346,0.08528799249153082,84.9468405215647,0.6467976201749865,1,997,1.0,0.3572208536525368,0,0.0,0.0,0.0,0.0
random_geometric,random,0.3,1,997,42301,0.08519735914571022,84.85656970912738,0.6446672477641684,1,997,1.0,0.36521898108286116,0,0.0,0.0,0.0,0.0
random_geometric,random,0.3,2,997,42592,0.08578345478201674,85.44032096288866,0.6469350549085825,1,997,1.0,0.3568740975805951,0,0.0,0.0,0.0,0.0
random_geometric,random,0.3,3,997,42250,0.08509464135378021,84.7542627883651,0.6435161996830563,1,997,1.0,0.35920927559429766,0,0.0,0.0,0.0,0.0
random_geometric,random,0.3,4,997,42432,0.08546120288576572,85.11935807422267,0.6469125137733248,1,997,1.0,0.36064003832770314,0,0.0,0.0,0.0,0.0
random_geometric,random,0.4,0,855,31298,0.08572798115507348,73.21169590643275,0.6453355811910765,1,855,1.0,0.3588777833536177,0,0.0,0.0,0.0,0.0
random_geometric,random,0.4,1,855,31160,0.08534998698933126,72.88888888888889,0.6482092490072701,1,855,1.0,0.36148164566366364,0,0.0,0.0,0.0,0.0
random_geometric,random,0.4,2,855,30785,0.08432282893024912,72.01169590643275,0.6463143389529483,1,855,1.0,0.3573878526819871,0,0.0,0.0,0.0,0.0
random_geometric,random,0.4,3,855,31434,0.08610049714450059,73.52982456140352,0.6423780018492775,1,855,1.0,0.3649436498642481,0,0.0,0.0,0.0,0.0
random_geometric,random,0.4,4,855,31389,0.08597723817741074,73.42456140350878,0.646436036224006,1,855,1.0,0.35830957724611906,0,0.0,0.0,0.0,0.0
random_geometric,random,0.5,0,713,21781,0.08581007611453426,61.096774193548384,0.6450192723782293,1,713,1.0,0.36035730169874725,0,0.0,0.0,0.0,0.0
random_geometric,random,0.5,1,713,21436,0.0844508880028996,60.12903225806452,0.642902164646413,1,713,1.0,0.3592355426252051,0,0.0,0.0,0.0,0.0
random_geometric,random,0.5,2,713,21936,0.08642072584584837,61.53155680224404,0.6439146797276494,1,713,1.0,0.3623048505215793,0,0.0,0.0,0.0,0.0
random_geometric,random,0.5,3,713,21696,0.08547520368123296,60.85834502103787,0.6448906089266055,1,713,1.0,0.3578815988941938,0,0.0,0.0,0.0,0.0
random_geometric,random,0.5,4,713,21676,0.08539641016751501,60.80224403927069,0.6427766730177891,1,713,1.0,0.35844475376753415,0,0.0,0.0,0.0,0.0
random_geometric,random,0.6,0,570,13922,0.08585083094379181,48.849122807017544,0.6453683899186508,1,570,1.0,0.35849430914720254,0,0.0,0.0,0.0,0.0
random_geometric,random,0.6,1,570,13913,0.08579533191502482,48.81754385964912,0.6431357160438458,1,570,1.0,0.3538581436382292,0,0.0,0.0,0.0,0.0
random_geometric,random,0.6,2,570,14378,0.08866278173465297,50.449122807017545,0.6479149848553787,1,570,1.0,0.36397753647441317,0,0.0,0.0,0.0,0.0
random_geometric,random,0.6,3,570,14061,0.08670798261030432,49.33684210526316,0.6460720088156712,1,570,1.0,0.3560347135046045,0,0.0,0.0,0.0,0.0
random_geometric,random,0.6,4,570,13734,0.08469151789843678,48.189473684210526,0.6421347221363487,1,570,1.0,0.352081739755053,0,0.0,0.0,0.0,0.0
random_geometric,random,0.7,0,428,7747,0.08477970627503338,36.200934579439256,0.651795980486389,1,428,1.0,0.3517290528233617,0,0.0,0.0,0.0,0.0
random_geometric,random,0.7,1,428,7962,0.08713257020289347,37.205607476635514,0.6492355303290077,1,428,1.0,0.36224876863318434,0,0.0,0.0,0.0,0.0
random_geometric,random,0.7,2,428,7522,0.08231740681564491,35.149532710280376,0.6444431110303404,1,428,1.0,0.34425775528798563,0,0.0,0.0,0.0,0.0
random_geometric,random,0.7,3,428,7582,0.08297402000481516,35.429906542056074,0.6503599378096002,1,428,1.0,0.3457741208505872,0,0.0,0.0,0.0,0.0
random_geometric,random,0.7,4,428,7658,0.08380573004443083,35.78504672897196,0.6492090932104545,1,428,1.0,0.3483562692837491,0,0.0,0.0,0.0,0.0
random_geometric,random,0.8,0,285,3465,0.08561897702001482,24.31578947368421,0.6522517347106499,1,285,1.0,0.34369051810873125,0,0.0,0.0,0.0,0.0
random_geometric,random,0.8,1,285,3553,0.08779342723004695,24.933333333333334,0.6293929138539961,1,285,1.0,0.3581779426560122,0,0.0,0.0,0.0,0.0
random_geometric,random,0.8,2,285,3364,0.08312330121077341,23.607017543859648,0.6426628794940775,1,285,1.0,0.34688074977650396,0,0.0,0.0,0.0,0.0
random_geometric,random,0.8,3,285,3567,0.08813936249073388,25.03157894736842,0.6348543004097924,1,285,1.0,0.3587723214286284,0,0.0,0.0,0.0,0.0
random_geometric,random,0.8,4,285,3466,0.08564368668149247,24.32280701754386,0.6440053952796942,1,285,1.0,0.34621270679639915,0,0.0,0.0,0.0,0.0
random_geometric,degree,0.0,0,1425,86583,0.0853370786516854,121.52,0.646121617878096,1,1425,1.0,0.36585488145346023,0,0.0,0.0,0.0,0.0
random_geometric,degree,0.0,1,1425,86583,0.0853370786516854,121.52,0.646121617878096,1,1425,1.0,0.3613643799040687,0,0.0,0.0,0.0,0.0
random_geometric,degree,0.0,2,1425,86583,0.0853370786516854,121.52,0.646121617878096,1,1425,1.0,0.36447845605892426,0,0.0,0.0,0.0,0.0
random_geometric,degree,0.0,3,1425,86583,0.0853370786516854,121.52,0.646121617878096,1,1425,1.0,0.3601854768588205,0,0.0,0.0,0.0,0.0
random_geometric,degree,0.0,4,1425,86583,0.0853370786516854,121.52,0.646121617878096,1,1425,1.0,0.3547230401168075,0,0.0,0.0,0.0,0.0
random_geometric,degree,0.1,0,1283,68193,0.08291920141341896,106.30241621200312,0.6552841924068193,1,1283,1.0,0.3527068305347122,0,0.0,0.0,0.0,0.0
random_geometric,degree,0.1,1,1283,68193,0.08291920141341896,106.30241621200312,0.6552841924068193,1,1283,1.0,0.34638464669500063,0,0.0,0.0,0.0,0.0
random_geometric,degree,0.1,2,1283,68193,0.08291920141341896,106.30241621200312,0.6552841924068193,1,1283,1.0,0.3550230650888776,0,0.0,0.0,0.0,0.0
random_geometric,degree,0.1,3,1283,68193,0.08291920141341896,106.30241621200312,0.6552841924068193,1,1283,1.0,0.3510993657599643,0,0.0,0.0,0.0,0.0
random_geometric,degree,0.1,4,1283,68193,0.08291920141341896,106.30241621200312,0.6552841924068193,1,1283,1.0,0.35146345306148646,0,0.0,0.0,0.0,0.0
random_geometric,degree,0.2,0,1140,54274,0.08359749241409054,95.21754385964913,0.6726228219452883,1,1140,1.0,0.3403856609805154,0,0.0,0.0,0.0,0.0
random_geometric,degree,0.2,1,1140,54274,0.08359749241409054,95.21754385964913,0.6726228219452883,1,1140,1.0,0.3436564812489036,0,0.0,0.0,0.0,0.0
random_geometric,degree,0.2,2,1140,54274,0.08359749241409054,95.21754385964913,0.6726228219452883,1,1140,1.0,0.3424918056771955,0,0.0,0.0,0.0,0.0
random_geometric,degree,0.2,3,1140,54274,0.08359749241409054,95.21754385964913,0.6726228219452883,1,1140,1.0,0.3382047134770656,0,0.0,0.0,0.0,0.0
random_geometric,degree,0.2,4,1140,54274,0.08359749241409054,95.21754385964913,0.6726228219452883,1,1140,1.0,0.3433238847774943,0,0.0,0.0,0.0,0.0
random_geometric,degree,0.3,0,997,42112,0.08481669909326373,84.47743229689067,0.6945836259450825,1,997,1.0,0.32854291969436955,0,0.0,0.0,0.0,0.0
random_geometric,degree,0.3,1,997,42112,0.08481669909326373,84.47743229689067,0.6945836259450825,1,997,1.0,0.3313496685150736,0,0.0,0.0,0.0,0.0
random_geometric,degree,0.3,2,997,42112,0.08481669909326373,84.47743229689067,0.6945836259450825,1,997,1.0,0.3319229079011669,0,0.0,0.0,0.0,0.0
random_geometric,degree,0.3,3,997,42112,0.08481669909326373,84.47743229689067,0.6945836259450825,1,997,1.0,0.33060312081631793,0,0.0,0.0,0.0,0.0
random_geometric,degree,0.3,4,997,42112,0.08481669909326373,84.47743229689067,0.6945836259450825,1,997,1.0,0.3269579329218739,0,0.0,0.0,0.0,0.0
random_geometric,degree,0.4,0,855,32078,0.08786446991796432,75.03625730994152,0.7187280192351481,1,855,1.0,0.31502653014740106,0,0.0,0.0,0.0,0.0
random_geometric,degree,0.4,1,855,32078,0.08786446991796432,75.03625730994152,0.7187280192351481,1,855,1.0,0.31532654455205333,0,0.0,0.0,0.0,0.0
random_geometric,degree,0.4,2,855,32078,0.08786446991796432,75.03625730994152,0.7187280192351481,1,855,1.0,0.3148657229283108,0,0.0,0.0,0.0,0.0
random_geometric,degree,0.4,3,855,32078,0.08786446991796432,75.03625730994152,0.7187280192351481,1,855,1.0,0.3156340307979193,0,0.0,0.0,0.0,0.0
random_geometric,degree,0.4,4,855,32078,0.08786446991796432,75.03625730994152,0.7187280192351481,1,855,1.0,0.31384409501487376,0,0.0,0.0,0.0,0.0
random_geometric,degree,0.5,0,713,23648,0.09316545062010495,66.33380084151473,0.7362025648954468,1,713,1.0,0.3045218950641075,0,0.0,0.0,0.0,0.0
random_geometric,degree,0.5,1,713,23648,0.09316545062010495,66.33380084151473,0.7362025648954468,1,713,1.0,0.3034357415952236,0,0.0,0.0,0.0,0.0
random_geometric,degree,0.5,2,713,23648,0.09316545062010495,66.33380084151473,0.7362025648954468,1,713,1.0,0.30628540774914376,0,0.0,0.0,0.0,0.0
random_geometric,degree,0.5,3,713,23648,0.09316545062010495,66.33380084151473,0.7362025648954468,1,713,1.0,0.3029700179462077,0,0.0,0.0,0.0,0.0
random_geometric,degree,0.5,4,713,23648,0.09316545062010495,66.33380084151473,0.7362025648954468,1,713,1.0,0.30519000523890133,0,0.0,0.0,0.0,0.0
random_geometric,degree,0.6,0,570,16151,0.0995960904017513,56.670175438596495,0.7493670401604692,1,570,1.0,0.29860726839065355,0,0.0,0.0,0.0,0.0
random_geometric,degree,0.6,1,570,16151,0.0995960904017513,56.670175438596495,0.7493670401604692,1,570,1.0,0.2990086266252739,0,0.0,0.0,0.0,0.0
random_geometric,degree,0.6,2,570,16151,0.0995960904017513,56.670175438596495,0.7493670401604692,1,570,1.0,0.29875179487569753,0,0.0,0.0,0.0,0.0
random_geometric,degree,0.6,3,570,16151,0.0995960904017513,56.670175438596495,0.7493670401604692,1,570,1.0,0.2997272153495776,0,0.0,0.0,0.0,0.0
random_geometric,degree,0.6,4,570,16151,0.0995960904017513,56.670175438596495,0.7493670401604692,1,570,1.0,0.29913996258086417,0,0.0,0.0,0.0,0.0
random_geometric,degree,0.7,0,428,9207,0.10075729387817636,43.02336448598131,0.7541801210765171,1,428,1.0,0.29347323984239815,0,0.0,0.0,0.0,0.0
random_geometric,degree,0.7,1,428,9207,0.10075729387817636,43.02336448598131,0.7541801210765171,1,428,1.0,0.2928205372561508,0,0.0,0.0,0.0,0.0
random_geometric,degree,0.7,2,428,9207,0.10075729387817636,43.02336448598131,0.7541801210765171,1,428,1.0,0.29353505826077536,0,0.0,0.0,0.0,0.0
random_geometric,degree,0.7,3,428,9207,0.10075729387817636,43.02336448598131,0.7541801210765171,1,428,1.0,0.2921216248297763,0,0.0,0.0,0.0,0.0
random_geometric,degree,0.7,4,428,9207,0.10075729387817636,43.02336448598131,0.7541801210765171,1,428,1.0,0.2940035876496742,0,0.0,0.0,0.0,0.0
random_geometric,degree,0.8,0,285,4134,0.10214974054855448,29.010526315789473,0.75889529910833,1,285,1.0,0.2871242175274597,0,0.0,0.0,0.0,0.0
random_geometric,degree,0.8,1,285,4134,0.10214974054855448,29.010526315789473,0.75889529910833,1,285,1.0,0.28551296160810363,0,0.0,0.0,0.0,0.0
random_geometric,degree,0.8,2,285,4134,0.10214974054855448,29.010526315789473,0.75889529910833,1,285,1.0,0.28722968175220087,0,0.0,0.0,0.0,0.0
random_geometric,degree,0.8,3,285,4134,0.10214974054855448,29.010526315789473,0.75889529910833,1,285,1.0,0.2870775962594479,0,0.0,0.0,0.0,0.0
random_geometric,degree,0.8,4,285,4134,0.10214974054855448,29.010526315789473,0.75889529910833,1,285,1.0,0.28488515436057704,0,0.0,0.0,0.0,0.0
random_geometric,betweenness,0.0,0,1425,86583,0.0853370786516854,121.52,0.646121617878096,1,1425,1.0,0.36384234132510646,0,0.0,0.0,0.0,0.0
random_geometric,betweenness,0.0,1,1425,86583,0.0853370786516854,121.52,0.646121617878096,1,1425,1.0,0.36328282587566646,0,0.0,0.0,0.0,0.0
random_geometric,betweenness,0.0,2,1425,86583,0.0853370786516854,121.52,0.646121617878096,1,1425,1.0,0.3564085573831347,0,0.0,0.0,0.0,0.0
random_geometric,betweenness,0.0,3,1425,86583,0.0853370786516854,121.52,0.646121617878096,1,1425,1.0,0.3642659635829415,0,0.0,0.0,0.0,0.0
random_geometric,betweenness,0.0,4,1425,86583,0.0853370786516854,121.52,0.646121617878096,1,1425,1.0,0.3618864212697575,0,0.0,0.0,0.0,0.0
random_geometric,betweenness,0.1,0,1283,69543,0.08456073239032445,108.40685892439595,0.659112591389393,1,1283,1.0,0.35054940197567214,0,0.0,0.0,0.0,0.0
random_geometric,betweenness,0.1,1,1283,69543,0.08456073239032445,108.40685892439595,0.659112591389393,1,1283,1.0,0.34744594105154286,0,0.0,0.0,0.0,0.0
random_geometric,betweenness,0.1,2,1283,69543,0.08456073239032445,108.40685892439595,0.659112591389393,1,1283,1.0,0.3489300262482986,0,0.0,0.0,0.0,0.0
random_geometric,betweenness,0.1,3,1283,69543,0.08456073239032445,108.40685892439595,0.659112591389393,1,1283,1.0,0.34910539862030904,0,0.0,0.0,0.0,0.0
random_geometric,betweenness,0.1,4,1283,69543,0.08456073239032445,108.40685892439595,0.659112591389393,1,1283,1.0,0.3496957058040114,0,0.0,0.0,0.0,0.0
random_geometric,betweenness,0.2,0,1140,56636,0.08723564838346964,99.36140350877193,0.678097129149557,1,1140,1.0,0.33896143059180894,0,0.0,0.0,0.0,0.0
random_geometric,betweenness,0.2,1,1140,56636,0.08723564838346964,99.36140350877193,0.678097129149557,1,1140,1.0,0.33698064648710807,0,0.0,0.0,0.0,0.0
random_geometric,betweenness,0.2,2,1140,56636,0.08723564838346964,99.36140350877193,0.678097129149557,1,1140,1.0,0.3412695137753103,0,0.0,0.0,0.0,0.0
random_geometric,betweenness,0.2,3,1140,56636,0.08723564838346964,99.36140350877193,0.678097129149557,1,1140,1.0,0.33781526540931534,0,0.0,0.0,0.0,0.0
random_geometric,betweenness,0.2,4,1140,56636,0.08723564838346964,99.36140350877193,0.678097129149557,1,1140,1.0,0.3408377858602908,0,0.0,0.0,0.0,0.0
random_geometric,betweenness,0.3,0,997,45501,0.09164239707073027,91.27582748244734,0.7006819030965205,1,997,1.0,0.32951226732297406,0,0.0,0.0,0.0,0.0
random_geometric,betweenness,0.3,1,997,45501,0.09164239707073027,91.27582748244734,0.7006819030965205,1,997,1.0,0.32744276510774983,0,0.0,0.0,0.0,0.0
random_geometric,betweenness,0.3,2,997,45501,0.09164239707073027,91.27582748244734,0.7006819030965205,1,997,1.0,0.3267336409125474,0,0.0,0.0,0.0,0.0
random_geometric,betweenness,0.3,3,997,45501,0.09164239707073027,91.27582748244734,0.7006819030965205,1,997,1.0,0.32648329827214656,0,0.0,0.0,0.0,0.0
random_geometric,betweenness,0.3,4,997,45501,0.09164239707073027,91.27582748244734,0.7006819030965205,1,997,1.0,0.32833419790241547,0,0.0,0.0,0.0,0.0
random_geometric,betweenness,0.4,0,855,35605,0.09752523384965145,83.28654970760233,0.7218105408010161,1,855,1.0,0.3200669979738416,0,0.0,0.0,0.0,0.0
random_geometric,betweenness,0.4,1,855,35605,0.09752523384965145,83.28654970760233,0.7218105408010161,1,855,1.0,0.3201404153189317,0,0.0,0.0,0.0,0.0
random_geometric,betweenness,0.4,2,855,35605,0.09752523384965145,83.28654970760233,0.7218105408010161,1,855,1.0,0.32059452250824,0,0.0,0.0,0.0,0.0
random_geometric,betweenness,0.4,3,855,35605,0.09752523384965145,83.28654970760233,0.7218105408010161,1,855,1.0,0.31725634270078473,0,0.0,0.0,0.0,0.0
random_geometric,betweenness,0.4,4,855,35605,0.09752523384965145,83.28654970760233,0.7218105408010161,1,855,1.0,0.3214117667556627,0,0.0,0.0,0.0,0.0
random_geometric,betweenness,0.5,0,713,26073,0.10271916415840648,73.13604488078542,0.7418990187039454,1,713,1.0,0.3135016413633429,0,0.0,0.0,0.0,0.0
random_geometric,betweenness,0.5,1,713,26073,0.10271916415840648,73.13604488078542,0.7418990187039454,1,713,1.0,0.3122543751113375,0,0.0,0.0,0.0,0.0
random_geometric,betweenness,0.5,2,713,26073,0.10271916415840648,73.13604488078542,0.7418990187039454,1,713,1.0,0.31118459347677196,0,0.0,0.0,0.0,0.0
random_geometric,betweenness,0.5,3,713,26073,0.10271916415840648,73.13604488078542,0.7418990187039454,1,713,1.0,0.31136605192157474,0,0.0,0.0,0.0,0.0
random_geometric,betweenness,0.5,4,713,26073,0.10271916415840648,73.13604488078542,0.7418990187039454,1,713,1.0,0.3105522003744061,0,0.0,0.0,0.0,0.0
random_geometric,betweenness,0.6,0,570,17287,0.10660130114389665,60.656140350877195,0.7595845926374951,1,570,1.0,0.305423764065444,0,0.0,0.0,0.0,0.0
random_geometric,betweenness,0.6,1,570,17287,0.10660130114389665,60.656140350877195,0.7595845926374951,1,570,1.0,0.3061388806467797,0,0.0,0.0,0.0,0.0
random_geometric,betweenness,0.6,2,570,17287,0.10660130114389665,60.656140350877195,0.7595845926374951,1,570,1.0,0.3052155771878889,0,0.0,0.0,0.0,0.0
random_geometric,betweenness,0.6,3,570,17287,0.10660130114389665,60.656140350877195,0.7595845926374951,1,570,1.0,0.30555977963161457,0,0.0,0.0,0.0,0.0
random_geometric,betweenness,0.6,4,570,17287,0.10660130114389665,60.656140350877195,0.7595845926374951,1,570,1.0,0.3055025189124376,0,0.0,0.0,0.0,0.0
random_geometric,betweenness,0.7,0,428,10718,0.11729300269211408,50.08411214953271,0.7908070699352926,1,428,1.0,0.3028644309437941,0,0.0,0.0,0.0,0.0
random_geometric,betweenness,0.7,1,428,10718,0.11729300269211408,50.08411214953271,0.7908070699352926,1,428,1.0,0.3022240116116312,0,0.0,0.0,0.0,0.0
random_geometric,betweenness,0.7,2,428,10718,0.11729300269211408,50.08411214953271,0.7908070699352926,1,428,1.0,0.3006957501580202,0,0.0,0.0,0.0,0.0
random_geometric,betweenness,0.7,3,428,10718,0.11729300269211408,50.08411214953271,0.7908070699352926,1,428,1.0,0.30131692679558725,0,0.0,0.0,0.0,0.0
random_geometric,betweenness,0.7,4,428,10718,0.11729300269211408,50.08411214953271,0.7908070699352926,1,428,1.0,0.3019070134263674,0,0.0,0.0,0.0,0.0
random_geometric,betweenness,0.8,0,285,5483,0.13548307388188782,38.47719298245614,0.8423998689469343,1,285,1.0,0.28336707686769524,0,0.0,0.0,0.0,0.0
random_geometric,betweenness,0.8,1,285,5483,0.13548307388188782,38.47719298245614,0.8423998689469343,1,285,1.0,0.2804684337668389,0,0.0,0.0,0.0,0.0
random_geometric,betweenness,0.8,2,285,5483,0.13548307388188782,38.47719298245614,0.8423998689469343,1,285,1.0,0.28093383519207193,0,0.0,0.0,0.0,0.0
random_geometric,betweenness,0.8,3,285,5483,0.13548307388188782,38.47719298245614,0.8423998689469343,1,285,1.0,0.2815232156582432,0,0.0,0.0,0.0,0.0
random_geometric,betweenness,0.8,4,285,5483,0.13548307388188782,38.47719298245614,0.8423998689469343,1,285,1.0,0.2818113224310863,0,0.0,0.0,0.0,0.0
random_geometric,community_bridge,0.0,0,1425,86583,0.0853370786516854,121.52,0.646121617878096,1,1425,1.0,0.3633153229217708,0,0.0,0.0,0.0,0.0
random_geometric,community_bridge,0.0,1,1425,86583,0.0853370786516854,121.52,0.646121617878096,1,1425,1.0,0.359230948757735,0,0.0,0.0,0.0,0.0
random_geometric,community_bridge,0.0,2,1425,86583,0.0853370786516854,121.52,0.646121617878096,1,1425,1.0,0.3604520298283047,0,0.0,0.0,0.0,0.0
random_geometric,community_bridge,0.0,3,1425,86583,0.0853370786516854,121.52,0.646121617878096,1,1425,1.0,0.3618678186859919,0,0.0,0.0,0.0,0.0
random_geometric,community_bridge,0.0,4,1425,86583,0.0853370786516854,121.52,0.646121617878096,1,1425,1.0,0.3650997581143815,0,0.0,0.0,0.0,0.0
random_geometric,community_bridge,0.1,0,1283,68946,0.0838348109138707,107.47622759158223,0.6641836378330539,1,1283,1.0,0.3462296557334962,0,0.0,0.0,0.0,0.0
random_geometric,community_bridge,0.1,1,1283,68946,0.0838348109138707,107.47622759158223,0.6641836378330539,1,1283,1.0,0.35036973633667284,0,0.0,0.0,0.0,0.0
random_geometric,community_bridge,0.1,2,1283,68946,0.0838348109138707,107.47622759158223,0.6641836378330539,1,1283,1.0,0.35016470111142517,0,0.0,0.0,0.0,0.0
random_geometric,community_bridge,0.1,3,1283,68946,0.0838348109138707,107.47622759158223,0.6641836378330539,1,1283,1.0,0.350186139588059,0,0.0,0.0,0.0,0.0
random_geometric,community_bridge,0.1,4,1283,68946,0.0838348109138707,107.47622759158223,0.6641836378330539,1,1283,1.0,0.35386543223595873,0,0.0,0.0,0.0,0.0
random_geometric,community_bridge,0.2,0,1140,55710,0.08580934337599926,97.73684210526316,0.7006186643586553,1,1140,1.0,0.3358367563439696,0,0.0,0.0,0.0,0.0
random_geometric,community_bridge,0.2,1,1140,55710,0.08580934337599926,97.73684210526316,0.7006186643586553,1,1140,1.0,0.33481305482360735,0,0.0,0.0,0.0,0.0
random_geometric,community_bridge,0.2,2,1140,55710,0.08580934337599926,97.73684210526316,0.7006186643586553,1,1140,1.0,0.3377184752006982,0,0.0,0.0,0.0,0.0
random_geometric,community_bridge,0.2,3,1140,55710,0.08580934337599926,97.73684210526316,0.7006186643586553,1,1140,1.0,0.3362827441918527,0,0.0,0.0,0.0,0.0
random_geometric,community_bridge,0.2,4,1140,55710,0.08580934337599926,97.73684210526316,0.7006186643586553,1,1140,1.0,0.3384510152316633,0,0.0,0.0,0.0,0.0
random_geometric,community_bridge,0.3,0,997,44846,0.09032317837045273,89.9618856569709,0.7374161492968953,1,997,1.0,0.32061300360140516,0,0.0,0.0,0.0,0.0
random_geometric,community_bridge,0.3,1,997,44846,0.09032317837045273,89.9618856569709,0.7374161492968953,1,997,1.0,0.32024917925642693,0,0.0,0.0,0.0,0.0
random_geometric,community_bridge,0.3,2,997,44846,0.09032317837045273,89.9618856569709,0.7374161492968953,1,997,1.0,0.31984746924173746,0,0.0,0.0,0.0,0.0
random_geometric,community_bridge,0.3,3,997,44846,0.09032317837045273,89.9618856569709,0.7374161492968953,1,997,1.0,0.31731579094124823,0,0.0,0.0,0.0,0.0
random_geometric,community_bridge,0.3,4,997,44846,0.09032317837045273,89.9618856569709,0.7374161492968953,1,997,1.0,0.317627374577371,0,0.0,0.0,0.0,0.0
random_geometric,community_bridge,0.4,0,855,36086,0.09884273525343414,84.41169590643275,0.7746413564865501,2,839,0.9812865497076023,0.30688590319040204,0,0.0,0.0,0.0,0.0
random_geometric,community_bridge,0.4,1,855,36086,0.09884273525343414,84.41169590643275,0.7746413564865501,2,839,0.9812865497076023,0.30801075077318274,0,0.0,0.0,0.0,0.0
random_geometric,community_bridge,0.4,2,855,36086,0.09884273525343414,84.41169590643275,0.7746413564865501,2,839,0.9812865497076023,0.3096532875995189,0,0.0,0.0,0.0,0.0
random_geometric,community_bridge,0.4,3,855,36086,0.09884273525343414,84.41169590643275,0.7746413564865501,2,839,0.9812865497076023,0.30867471928993473,0,0.0,0.0,0.0,0.0
random_geometric,community_bridge,0.4,4,855,36086,0.09884273525343414,84.41169590643275,0.7746413564865501,2,839,0.9812865497076023,0.3072327901984414,0,0.0,0.0,0.0,0.0
random_geometric,community_bridge,0.5,0,713,28087,0.11065367098980412,78.78541374474054,0.8107516804201667,3,434,0.6086956521739131,0.42003463622447135,0,0.0,0.0,0.0,0.0
random_geometric,community_bridge,0.5,1,713,28087,0.11065367098980412,78.78541374474054,0.8107516804201667,3,434,0.6086956521739131,0.4315664941404454,0,0.0,0.0,0.0,0.0
random_geometric,community_bridge,0.5,2,713,28087,0.11065367098980412,78.78541374474054,0.8107516804201667,3,434,0.6086956521739131,0.424073421956389,0,0.0,0.0,0.0,0.0
random_geometric,community_bridge,0.5,3,713,28087,0.11065367098980412,78.78541374474054,0.8107516804201667,3,434,0.6086956521739131,0.426124443982977,0,0.0,0.0,0.0,0.0
random_geometric,community_bridge,0.5,4,713,28087,0.11065367098980412,78.78541374474054,0.8107516804201667,3,434,0.6086956521739131,0.4216449003047395,0,0.0,0.0,0.0,0.0
random_geometric,community_bridge,0.6,0,570,20699,0.12764159960534024,72.6280701754386,0.8345682736495242,5,159,0.2789473684210526,0.7597015783021761,0,0.0,0.0,0.0,0.0
random_geometric,community_bridge,0.6,1,570,20699,0.12764159960534024,72.6280701754386,0.8345682736495242,5,159,0.2789473684210526,0.7558523390126013,0,0.0,0.0,0.0,0.0
random_geometric,community_bridge,0.6,2,570,20699,0.12764159960534024,72.6280701754386,0.8345682736495242,5,159,0.2789473684210526,0.7622312800782128,0,0.0,0.0,0.0,0.0
random_geometric,community_bridge,0.6,3,570,20699,0.12764159960534024,72.6280701754386,0.8345682736495242,5,159,0.2789473684210526,0.7693874745353816,0,0.0,0.0,0.0,0.0
random_geometric,community_bridge,0.6,4,570,20699,0.12764159960534024,72.6280701754386,0.8345682736495242,5,159,0.2789473684210526,0.7632053228653515,0,0.0,0.0,0.0,0.0
random_geometric,community_bridge,0.7,0,428,13540,0.14817570968942195,63.271028037383175,0.8492942266695828,5,129,0.3014018691588785,0.7756178632879857,0,0.0,0.0,0.0,0.0
random_geometric,community_bridge,0.7,1,428,13540,0.14817570968942195,63.271028037383175,0.8492942266695828,5,129,0.3014018691588785,0.7873564570783256,0,0.0,0.0,0.0,0.0
random_geometric,community_bridge,0.7,2,428,13540,0.14817570968942195,63.271028037383175,0.8492942266695828,5,129,0.3014018691588785,0.7819194515852829,0,0.0,0.0,0.0,0.0
random_geometric,community_bridge,0.7,3,428,13540,0.14817570968942195,63.271028037383175,0.8492942266695828,5,129,0.3014018691588785,0.7859126412497347,0,0.0,0.0,0.0,0.0
random_geometric,community_bridge,0.7,4,428,13540,0.14817570968942195,63.271028037383175,0.8492942266695828,5,129,0.3014018691588785,0.7822211816124426,0,0.0,0.0,0.0,0.0
random_geometric,community_bridge,0.8,0,285,6282,0.1552260934025204,44.084210526315786,0.8553918062018036,5,84,0.29473684210526313,0.8007003689863469,0,0.0,0.0,0.0,0.0
random_geometric,community_bridge,0.8,1,285,6282,0.1552260934025204,44.084210526315786,0.8553918062018036,5,84,0.29473684210526313,0.8053114830311534,0,0.0,0.0,0.0,0.0
random_geometric,community_bridge,0.8,2,285,6282,0.1552260934025204,44.084210526315786,0.8553918062018036,5,84,0.29473684210526313,0.8045258822428242,0,0.0,0.0,0.0,0.0
random_geometric,community_bridge,0.8,3,285,6282,0.1552260934025204,44.084210526315786,0.8553918062018036,5,84,0.29473684210526313,0.8019012032336955,0,0.0,0.0,0.0,0.0
random_geometric,community_bridge,0.8,4,285,6282,0.1552260934025204,44.084210526315786,0.8553918062018036,5,84,0.29473684210526313,0.8073477973151892,0,0.0,0.0,0.0,0.0
